Unnamed: 0_level_0,Unnamed: 1_level_0,Unnamed: 2_level_0,Unnamed: 3_level_0,Unnamed: 4_level_0,Games,Games,Passing,Passing,Passing,Passing,Passing,Rushing,Rushing,Rushing,Rushing,Receiving,Receiving,Receiving,Receiving,Receiving,Fumbles,Fumbles,Scoring,Scoring,Scoring,Fantasy,Fantasy,Fantasy,Fantasy,Fantasy,Fantasy,Fantasy,year
Rk,Player,Tm,FantPos,Age,G,GS,Cmp,Att,Yds,TD,Int,Att,Yds,Y/A,TD,Tgt,Rec,Yds,Y/R,TD,Fmb,FL,TD,2PM,2PP,FantPt,PPR,DKPt,FDPt,VBD,PosRank,OvRank,
1,Todd Gurley*+,LAR,RB,23,15,15,0,0,0,0,0,279,1305,4.68,13,87,64,788,12.31,6,5,2,19,,,319,383.3,391.3,351.3,192,1,1,2017
2,Le'Veon Bell*+,PIT,RB,25,15,15,0,0,0,0,0,321,1291,4.02,9,106,85,655,7.71,2,3,2,11,,,257,341.6,349.6,299.1,130,2,2,2017
3,Kareem Hunt*,KAN,RB,22,16,16,0,0,0,0,0,272,1327,4.88,8,63,53,455,8.58,3,1,1,11,,,242,295.2,302.2,268.7,115,3,3,2017
4,Alvin Kamara *,NOR,RB,22,16,3,0,0,0,0,0,120,728,6.07,8,100,81,826,10.20,5,1,1,14,1,,239,320.4,327.4,279.9,112,4,4,2017
5,Melvin Gordon,LAC,RB,24,16,16,0,0,0,0,0,284,1105,3.89,8,83,58,476,8.21,4,1,0,12,,,230,288.1,294.1,259.1,103,5,5,2017
6,DeAndre Hopkins*+,HOU,WR,25,15,15,0,0,0,0,0,0,0,,0,174,96,1378,14.35,13,1,1,13,,,214,309.8,313.8,261.8,103,1,6,2017
7,Antonio Brown *+,PIT,WR,29,14,14,0,0,0,0,0,0,0,,0,163,101,1533,15.18,9,4,0,9,1,,209,310.3,313.3,259.8,98,2,7,2017
8,Mark Ingram*,NOR,RB,28,16,12,0,0,0,0,0,230,1124,4.89,12,71,58,416,7.17,0,3,3,12,,,220,278.0,287.0,249.0,93,6,8,2017
9,Russell Wilson *,SEA,QB,29,16,16,339,553,3983,34,11,95,586,6.17,3,0,0,0,,0,14,3,3,,2,348,347.9,367.9,358.9,93,1,9,2017
10,LeSean McCoy*,BUF,RB,29,16,16,0,0,0,0,0,287,1138,3.97,6,77,59,448,7.59,2,3,1,8,,,205,263.6,270.6,234.1,78,7,10,2017
11,Rob Gronkowski *+,NWE,TE,28,14,14,0,0,0,0,0,0,0,,0,105,69,1084,15.71,8,1,0,8,1,,158,227.4,230.4,192.9,77,1,11,2017
12,Keenan Allen *,LAC,WR,25,16,15,0,0,0,0,0,2,9,4.50,0,159,102,1393,13.66,6,1,0,7,,,182,284.2,287.2,233.2,71,3,12,2017
13,Travis Kelce*,KAN,TE,28,15,15,0,1,0,0,1,2,7,3.50,0,122,83,1038,12.51,8,0,0,8,,,151,233.5,237.5,193.0,69,2,13,2017
14,Leonard Fournette,JAX,RB,22,13,13,0,0,0,0,0,268,1040,3.88,9,48,36,302,8.39,1,2,0,10,,,194,230.2,236.2,212.2,67,8,14,2017
15,Tyreek Hill*,KAN,WR,23,15,13,0,1,0,0,1,17,59,3.47,0,105,75,1183,15.77,7,2,0,8,,,170,245.2,249.2,208.7,59,4,15,2017
16,Marvin Jones,DET,WR,27,16,16,0,0,0,0,0,0,0,,0,107,61,1101,18.05,9,0,0,9,,,164,225.1,228.1,194.6,53,5,16,2017
17,Julio Jones *,ATL,WR,28,16,16,0,0,0,0,0,1,15,15.00,0,148,88,1444,16.41,3,0,0,3,,,164,251.9,254.9,207.9,53,6,17,2017
18,Ezekiel Elliott,DAL,RB,22,10,10,0,0,0,0,0,242,983,4.06,7,38,26,269,10.35,2,1,1,9,,,177,203.2,210.2,190.2,50,9,18,2017
19,Jordan Howard,CHI,RB,23,16,16,0,0,0,0,0,276,1122,4.07,9,32,23,125,5.43,0,1,1,9,,,177,199.7,206.7,188.2,50,10,19,2017
20,Carlos Hyde,SFO,RB,27,16,16,0,0,0,0,0,240,938,3.91,8,88,59,350,5.93,0,2,1,8,,,175,233.8,240.8,204.3,48,11,20,2017
21,Zach Ertz*,PHI,TE,27,14,13,0,0,0,0,0,0,0,,0,110,74,824,11.14,8,1,1,8,,,128,202.4,206.4,165.4,47,3,21,2017
22,Brandin Cooks,NWE,WR,24,16,15,0,0,0,0,0,9,40,4.44,0,114,65,1082,16.65,7,0,0,7,1,,156,221.2,224.2,188.7,45,7,22,2017
23,Cam Newton,CAR,QB,28,16,16,291,492,3302,22,16,139,754,5.42,6,0,0,0,,0,9,1,6,1,,299,299.5,322.5,315.5,44,2,23,2017
24,Dion Lewis,NWE,RB,27,16,8,0,0,0,0,0,180,896,4.98,6,35,32,214,6.69,3,0,0,10,,,171,203.0,209.0,187.0,44,12,24,2017
25,Michael Thomas*,NOR,WR,24,16,14,0,0,0,0,0,0,0,,0,149,104,1245,11.97,5,0,0,5,,,155,258.5,261.5,206.5,44,8,25,2017
26,Larry Fitzgerald*,ARI,WR,34,16,16,1,1,21,0,0,0,0,,0,161,109,1156,10.61,6,1,1,6,1,,152,261.4,265.4,206.9,41,9,26,2017
27,A.J. Green*,CIN,WR,29,16,16,0,0,0,0,0,0,0,,0,143,75,1078,14.37,8,2,2,8,,,152,226.8,231.8,189.3,41,10,27,2017
28,Tom Brady *+,NWE,QB,40,16,16,385,581,4577,32,8,25,28,1.12,0,0,0,0,,0,7,3,0,,2,296,295.9,309.9,303.9,41,3,28,2017
29,Alex Smith*,KAN,QB,33,15,15,341,505,4042,26,5,60,355,5.92,1,0,0,0,,0,2,1,1,,,295,295.2,307.2,300.2,40,4,29,2017
Rk,Player,Tm,FantPos,Age,G,GS,Cmp,Att,Yds,TD,Int,Att,Yds,Y/A,TD,Tgt,Rec,Yds,Y/R,TD,Fmb,FL,TD,2PM,2PP,FantPt,PPR,DKPt,FDPt,VBD,PosRank,OvRank,2017
30,Adam Thielen*,MIN,WR,27,16,16,0,0,0,0,0,1,11,11.00,0,142,91,1276,14.02,4,3,2,4,,,149,239.7,244.7,194.2,38,11,30,2017
31,Davante Adams*,GNB,WR,25,14,14,0,0,0,0,0,0,0,,0,117,74,885,11.96,10,0,0,10,,,149,222.5,225.5,185.5,38,12,31,2017
32,Doug Baldwin *,SEA,WR,29,16,16,0,0,0,0,0,2,-8,-4.00,0,116,75,991,13.21,8,0,0,8,1,,148,223.3,226.3,185.8,37,13,32,2017
33,Devonta Freeman,ATL,RB,25,14,14,0,0,0,0,0,196,865,4.41,7,47,36,317,8.81,1,4,1,8,,,164,200.2,207.2,182.2,37,13,33,2017
34,Jarvis Landry *,MIA,WR,25,16,16,0,1,0,0,0,1,-7,-7.00,0,161,112,987,8.81,9,4,2,9,,,148,260.0,265.0,204.0,37,14,34,2017
35,Jimmy Graham*,SEA,TE,31,16,13,0,0,0,0,0,0,0,,0,96,57,520,9.12,10,0,0,10,1,,114,171.0,174.0,142.5,32,4,35,2017
36,Lamar Miller,HOU,RB,26,16,13,0,0,0,0,0,238,888,3.73,3,45,36,327,9.08,3,1,0,6,,,158,193.5,199.5,175.5,30,14,36,2017
37,JuJu Smith-Schuster,PIT,WR,21,14,7,0,0,0,0,0,0,0,,0,79,58,917,15.81,7,0,0,8,,,140,197.7,200.7,168.7,29,15,37,2017
38,Alshon Jeffery,PHI,WR,27,16,16,0,0,0,0,0,0,0,,0,120,57,789,13.84,9,0,0,9,3,,139,195.9,198.9,167.4,28,16,38,2017
39,Evan Engram,NYG,TE,23,15,11,0,0,0,0,0,1,14,14.00,0,115,64,722,11.28,6,0,0,6,,,110,173.6,176.6,141.6,28,5,39,2017
40,Carson Wentz *,PHI,QB,25,13,13,265,440,3296,33,7,64,299,4.67,0,0,0,0,,0,9,3,0,,4,282,281.7,297.7,288.7,26,5,40,2017
41,Robby Anderson,NYJ,WR,24,16,15,0,0,0,0,0,3,9,3.00,0,114,63,941,14.94,7,0,0,7,,,137,200.0,203.0,168.5,26,17,41,2017
42,Stefon Diggs,MIN,WR,24,14,14,0,0,0,0,0,8,13,1.63,0,95,64,849,13.27,8,0,0,8,,,134,198.2,201.2,166.2,23,18,42,2017
43,Kirk Cousins,WAS,QB,29,16,16,347,540,4093,27,13,49,179,3.65,4,0,0,0,,0,13,5,4,,,278,277.6,301.6,290.6,22,6,43,2017
44,Golden Tate,DET,WR,29,16,12,0,0,0,0,0,5,22,4.40,0,120,92,1003,10.90,5,1,1,5,,1,133,224.5,228.5,178.5,22,19,44,2017
45,Christian McCaffrey,CAR,RB,21,16,10,0,0,0,0,0,117,435,3.72,2,113,80,651,8.14,5,2,1,7,,,149,228.6,235.6,188.6,22,15,45,2017
46,Mike Evans,TAM,WR,24,15,15,0,0,0,0,0,0,0,,0,136,71,1001,14.10,5,1,0,5,1,,132,203.1,206.1,167.6,21,20,46,2017
47,Devin Funchess,CAR,WR,23,16,16,0,0,0,0,0,0,0,,0,111,63,840,13.33,8,0,0,8,,,132,195.0,198.0,163.5,21,21,47,2017
48,Alex Collins,BAL,RB,23,15,12,0,0,0,0,0,212,973,4.59,6,36,23,187,8.13,0,4,2,6,,,148,171.0,179.0,159.5,21,16,48,2017
49,Nelson Agholor,PHI,WR,24,16,10,0,0,0,0,0,1,7,7.00,0,95,62,768,12.39,8,0,0,9,,,132,193.5,196.5,162.5,21,22,49,2017
50,C.J. Anderson,DEN,RB,26,16,16,0,0,0,0,0,245,1007,4.11,3,40,28,224,8.00,1,1,1,4,1,,147,175.1,182.1,161.1,20,17,50,2017
51,Kyle Rudolph *,MIN,TE,28,16,16,0,0,0,0,0,0,0,,0,81,57,532,9.33,8,0,0,8,,,101,158.2,161.2,129.7,19,6,51,2017
52,Delanie Walker*,TEN,TE,33,16,11,0,0,0,0,0,2,-2,-1.00,1,111,74,807,10.91,3,2,2,4,,,101,174.5,179.5,137.5,19,7,52,2017
53,Matthew Stafford,DET,QB,29,16,16,371,565,4446,29,10,29,98,3.38,0,0,0,0,,0,11,7,0,1,1,274,273.6,293.6,283.6,18,7,53,2017
54,Frank Gore,IND,RB,34,16,16,0,0,0,0,0,261,961,3.68,3,38,29,245,8.45,1,3,0,4,,,145,173.6,179.6,159.1,18,18,54,2017
55,Marshawn Lynch,OAK,RB,31,15,15,0,0,0,0,0,207,891,4.30,7,31,20,151,7.55,0,1,1,7,,,144,164.2,171.2,154.2,17,19,55,2017
56,Latavius Murray,MIN,RB,27,16,11,0,0,0,0,0,216,842,3.90,8,17,15,103,6.87,0,1,0,8,,,143,157.5,163.5,150.0,15,20,56,2017
57,Philip Rivers*,LAC,QB,36,16,16,360,575,4515,28,10,18,-2,-0.11,0,0,0,0,,0,8,1,0,,,270,270.4,284.4,280.4,15,8,57,2017
58,Duke Johnson,CLE,RB,24,16,0,0,0,0,0,0,82,348,4.24,4,93,74,693,9.36,3,4,2,7,,,142,216.1,224.1,179.1,15,21,58,2017
59,Tevin Coleman,ATL,RB,24,15,3,0,0,0,0,0,156,628,4.03,5,39,27,299,11.07,3,1,0,8,,,141,167.7,173.7,154.2,14,22,59,2017
Rk,Player,Tm,FantPos,Age,G,GS,Cmp,Att,Yds,TD,Int,Att,Yds,Y/A,TD,Tgt,Rec,Yds,Y/R,TD,Fmb,FL,TD,2PM,2PP,FantPt,PPR,DKPt,FDPt,VBD,PosRank,OvRank,2017
60,Cameron Brate,TAM,TE,26,16,5,0,0,0,0,0,0,0,,0,77,48,591,12.31,6,1,0,6,,,95,143.1,146.1,119.1,13,8,60,2017
61,Demaryius Thomas,DEN,WR,30,16,16,0,0,0,0,0,0,0,,0,140,83,949,11.43,5,1,1,5,,,123,205.9,209.9,164.4,12,23,61,2017
62,T.Y. Hilton*,IND,WR,28,16,16,0,0,0,0,0,0,0,,0,109,57,966,16.95,4,2,1,4,,,119,175.6,179.6,147.1,8,24,62,2017
63,Drew Brees*,NOR,QB,38,16,16,386,536,4334,23,8,33,12,0.36,2,0,0,0,,0,5,0,2,,,263,262.6,273.6,270.6,7,9,63,2017
64,Jack Doyle*,IND,TE,27,15,15,0,0,0,0,0,0,0,,0,108,80,690,8.63,4,2,2,4,,,89,169.0,174.0,129.0,7,9,64,2017
65,Dez Bryant,DAL,WR,29,16,16,0,0,0,0,0,1,-4,-4.00,0,132,69,838,12.14,6,1,1,6,,,117,186.4,190.4,151.9,6,25,65,2017
66,Kenny Stills,MIA,WR,25,16,16,0,0,0,0,0,0,0,,0,105,58,847,14.60,6,4,2,6,,,117,174.7,179.7,145.7,6,26,66,2017
67,Ben Roethlisberger*,PIT,QB,35,15,15,360,561,4251,28,14,28,47,1.68,0,0,0,0,,0,3,1,0,,2,261,260.7,278.7,274.7,5,10,67,2017
68,Dak Prescott,DAL,QB,24,16,16,308,490,3324,22,13,57,357,6.26,6,0,0,0,,0,4,3,6,,,261,260.7,282.7,273.7,5,11,68,2017
69,DeMarco Murray,TEN,RB,29,15,15,0,0,0,0,0,184,659,3.58,6,47,39,266,6.82,1,1,1,7,,,133,171.5,178.5,152.0,5,23,69,2017
70,Cooper Kupp,LAR,WR,24,15,6,0,1,0,0,0,0,0,,0,94,62,869,14.02,5,1,1,5,,,115,176.9,180.9,145.9,4,27,70,2017
71,Michael Crabtree,OAK,WR,30,14,14,0,0,0,0,0,0,0,,0,101,58,618,10.66,8,1,0,8,2,,114,171.8,174.8,142.8,3,28,71,2017
72,Jason Witten*,DAL,TE,35,16,16,0,0,0,0,0,0,0,,0,87,63,560,8.89,5,1,1,5,,,84,147.0,151.0,115.5,2,10,72,2017
73,Marquise Goodwin,SFO,WR,27,16,16,0,0,0,0,0,4,44,11.00,0,105,56,962,17.18,2,0,0,2,,,113,168.6,171.6,140.6,2,29,73,2017
74,Tyler Kroft,CIN,TE,25,16,16,0,0,0,0,0,0,0,,0,62,42,404,9.62,7,0,0,7,,,82,124.4,127.4,103.4,1,11,74,2017
75,Marquez Williams,CLE,,23,1,0,0,0,0,0,0,0,0,,0,1,0,0,,0,0,0,0,,,,,,,,1,75,2017
76,Shane Smith,NYG,,24,11,4,0,0,0,0,0,0,0,,0,0,0,0,,0,0,0,0,,,,,,,,3,76,2017
77,Jermaine Kearse,NYJ,WR,27,16,14,0,0,0,0,0,0,0,,0,102,65,810,12.46,5,1,0,5,,,111,176.0,179.0,143.5,,30,77,2017
78,Jerick McKinnon,MIN,RB,25,16,1,0,0,0,0,0,150,570,3.80,3,68,51,421,8.25,2,3,2,5,1,,127,178.1,186.1,152.6,,24,78,2017
79,Jared Goff*,LAR,QB,23,15,15,296,477,3804,28,7,28,51,1.82,1,0,0,0,,0,8,3,1,,,255,255.3,268.3,262.3,,12,,2017
80,Blake Bortles,JAX,QB,25,16,16,315,523,3687,21,13,57,322,5.65,2,0,0,0,,0,9,3,2,,3,250,249.7,271.7,262.7,,13,,2017
81,Case Keenum,MIN,QB,29,15,14,325,481,3547,22,7,40,160,4.00,1,0,0,0,,0,1,1,1,,1,238,237.9,251.9,244.9,,14,,2017
82,Matt Ryan,ATL,QB,32,16,16,342,529,4095,20,12,32,143,4.47,0,0,0,0,,0,4,3,0,,,228,228.1,249.1,240.1,,15,,2017
83,Tyrod Taylor,BUF,QB,28,15,14,263,420,2799,14,4,84,427,5.08,4,0,0,0,,0,4,2,4,,,223,222.7,234.7,226.7,,16,,2017
84,Andy Dalton,CIN,QB,30,16,16,297,496,3320,25,12,38,99,2.61,0,0,0,0,,0,4,4,0,,,211,210.7,229.7,222.7,,17,,2017
85,Marcus Mariota,TEN,QB,24,15,15,281,453,3232,13,15,60,312,5.20,5,0,0,0,,0,2,1,5,,,210,210.5,232.5,225.5,,18,,2017
86,Jacoby Brissett,IND,QB,25,16,15,276,469,3098,13,7,63,260,4.13,4,0,0,0,,0,8,3,4,,,206,205.9,221.9,212.9,,20,,2017
87,Derek Carr *,OAK,QB,26,15,15,323,515,3496,22,13,23,66,2.87,0,0,0,0,,0,8,3,0,,2,206,206.4,225.4,219.4,,19,,2017
88,Josh McCown,NYJ,QB,38,13,13,267,397,2926,18,9,37,124,3.35,5,0,0,0,,0,11,4,5,,,205,205.4,224.4,214.4,,21,,2017
89,Jameis Winston,TAM,QB,23,13,13,282,442,3504,19,11,33,135,4.09,1,0,0,0,,0,15,7,1,,1,202,201.7,225.7,212.7,,22,,2017
Rk,Player,Tm,FantPos,Age,G,GS,Cmp,Att,Yds,TD,Int,Att,Yds,Y/A,TD,Tgt,Rec,Yds,Y/R,TD,Fmb,FL,TD,2PM,2PP,FantPt,PPR,DKPt,FDPt,VBD,PosRank,OvRank,2017
90,Eli Manning,NYG,QB,36,15,15,352,571,3468,19,13,12,26,2.17,1,0,0,0,,0,11,5,1,,,187,187.3,208.3,200.3,,23,,2017
91,Joe Flacco,BAL,QB,32,16,16,352,549,3141,18,13,25,54,2.16,1,0,0,0,,0,6,0,1,,1,185,185.0,201.0,198.0,,24,,2017
92,DeShone Kizer,CLE,QB,21,15,15,255,476,2894,11,22,77,419,5.44,5,0,0,0,,0,9,6,5,,,176,175.7,209.7,197.7,,25,,2017
93,Deshaun Watson,HOU,QB,22,7,6,126,204,1699,19,8,36,269,7.47,2,0,0,0,,0,3,1,2,1,1,169,168.9,183.9,176.9,,26,,2017
94,Jay Cutler,MIA,QB,34,14,14,266,429,2666,19,14,19,32,1.68,0,0,0,0,,0,6,0,0,,,158,157.8,174.8,171.8,,27,,2017
95,Mitchell Trubisky,CHI,QB,23,12,12,196,330,2193,7,7,41,248,6.05,2,0,0,0,,0,10,3,2,1,,135,134.5,150.5,141.5,,28,,2017
96,Aaron Rodgers,GNB,QB,34,7,7,154,238,1675,16,6,24,126,5.25,0,0,0,0,,0,1,1,0,,,130,129.6,142.6,135.6,,29,,2017
97,Trevor Siemian,DEN,QB,26,11,10,206,349,2285,12,14,31,127,4.10,1,0,0,0,,0,5,2,1,,,126,126.1,148.1,140.1,,30,,2017
98,Derrick Henry,TEN,RB,23,16,2,0,0,0,0,0,176,744,4.23,5,17,11,136,12.36,1,1,0,6,,,124,135.0,141.0,129.5,,25,,2017
99,Brett Hundley,GNB,QB,24,11,9,192,316,1836,9,12,36,270,7.50,2,1,1,10,10.00,0,4,2,2,,1,123,124.4,144.4,135.9,,31,,2017
100,Bilal Powell,NYJ,RB,29,15,10,0,0,0,0,0,178,772,4.34,5,33,23,170,7.39,0,1,1,5,,,122,145.2,152.2,133.7,,26,,2017
101,Javorius Allen,BAL,RB,26,16,0,0,0,0,0,0,153,591,3.86,4,60,46,250,5.43,2,0,0,6,,,120,166.1,172.1,143.1,,27,,2017
102,Orleans Darkwa,NYG,RB,25,15,11,0,0,0,0,0,171,751,4.39,5,28,19,116,6.11,0,1,0,5,1,,119,137.7,143.7,128.2,,28,,2017
103,Jamaal Williams,GNB,RB,22,16,7,0,0,0,0,0,153,556,3.63,4,34,25,262,10.48,2,0,0,6,,,118,142.8,148.8,130.3,,29,,2017
104,Isaiah Crowell,CLE,RB,24,16,16,0,0,0,0,0,206,853,4.14,2,42,28,182,6.50,0,1,1,2,1,,116,143.5,150.5,129.5,,30,,2017
105,Chris Thompson,WAS,RB,27,10,1,0,0,0,0,0,64,294,4.59,2,54,39,510,13.08,4,3,2,6,,,112,151.4,159.4,131.9,,31,,2017
106,Jay Ajayi,2TM,RB,24,14,8,0,0,0,0,0,208,873,4.20,1,34,24,158,6.58,1,3,2,2,,,111,135.1,143.1,123.1,,33,,2017
107,Joe Mixon,CIN,RB,21,14,7,0,0,0,0,0,178,626,3.52,4,34,30,287,9.57,0,3,2,4,,,111,141.3,149.3,126.3,,32,,2017
108,Amari Cooper,OAK,WR,23,14,12,0,0,0,0,0,1,4,4.00,0,96,48,680,14.17,7,1,0,7,,,110,158.4,161.4,134.4,,31,,2017
109,Kenyan Drake,MIA,RB,23,16,6,0,0,0,0,0,133,644,4.84,3,48,32,239,7.47,1,2,2,4,1,,110,142.3,150.3,126.3,,34,,2017
110,Giovani Bernard,CIN,RB,26,16,2,0,0,0,0,0,105,458,4.36,2,60,43,389,9.05,2,0,0,4,,,109,151.7,157.7,130.2,,36,,2017
111,Jonathan Stewart,CAR,RB,30,15,10,0,0,0,0,0,198,680,3.43,6,15,8,52,6.50,1,3,3,7,,,109,117.2,123.2,113.2,,35,,2017
112,Ted Ginn Jr.,NOR,WR,32,15,10,0,0,0,0,0,10,39,3.90,0,70,53,787,14.85,4,2,0,4,,,107,159.6,162.6,133.1,,35,,2017
113,Mohamed Sanu,ATL,WR,28,15,15,1,1,51,1,0,4,10,2.50,0,96,67,703,10.49,5,0,0,5,,,107,174.3,177.3,140.8,,32,,2017
114,Sammy Watkins,LAR,WR,24,15,14,0,0,0,0,0,0,0,,0,70,39,593,15.21,8,0,0,8,,,107,146.3,149.3,126.8,,34,,2017
115,Robert Woods,LAR,WR,25,12,11,0,0,0,0,0,2,12,6.00,0,85,56,781,13.95,5,1,1,5,,,107,163.3,167.3,135.3,,33,,2017
116,Paul Richardson,SEA,WR,25,16,13,0,0,0,0,0,0,0,,0,80,44,703,15.98,6,0,0,6,,,106,150.3,153.3,128.3,,36,,2017
117,Rishard Matthews,TEN,WR,28,14,11,0,0,0,0,0,1,-3,-3.00,0,87,53,795,15.00,4,0,0,4,,,103,156.2,159.2,129.7,,37,,2017
118,Carson Palmer,ARI,QB,38,7,7,164,267,1978,9,7,14,12,0.86,0,0,0,0,,0,2,0,0,,,102,102.3,112.3,109.3,,32,,2017
119,Theo Riddick,DET,RB,26,16,5,0,0,0,0,0,84,286,3.40,3,71,53,444,8.38,2,1,1,5,,,101,154.0,161.0,127.5,,37,,2017
Rk,Player,Tm,FantPos,Age,G,GS,Cmp,Att,Yds,TD,Int,Att,Yds,Y/A,TD,Tgt,Rec,Yds,Y/R,TD,Fmb,FL,TD,2PM,2PP,FantPt,PPR,DKPt,FDPt,VBD,PosRank,OvRank,2017
120,LeGarrette Blount,PHI,RB,31,16,11,0,0,0,0,0,173,766,4.43,2,8,8,50,6.25,1,1,1,3,1,,100,107.6,111.6,103.6,,39,,2017
121,Rex Burkhead,NWE,RB,27,10,3,0,0,0,0,0,64,264,4.13,5,36,30,254,8.47,3,1,0,8,,,100,129.8,135.8,114.8,,38,,2017
122,Ameer Abdullah,DET,RB,24,14,11,0,0,0,0,0,165,552,3.35,4,35,25,162,6.48,1,2,1,5,,,99,124.4,131.4,111.9,,40,,2017
123,Mike Wallace,BAL,WR,31,15,14,0,0,0,0,0,1,4,4.00,0,92,52,748,14.38,4,0,0,4,,,99,151.2,154.2,125.2,,38,,2017
124,Tarik Cohen,CHI,RB,22,16,4,1,2,21,1,0,87,370,4.25,2,71,53,353,6.66,1,3,2,4,,,97,150.1,158.1,123.6,,41,,2017
125,Travis Benjamin,LAC,WR,28,16,3,0,0,0,0,0,13,96,7.38,0,62,34,567,16.68,4,2,0,5,,,96,130.3,133.3,113.3,,39,,2017
126,Tyrell Williams,LAC,WR,25,16,15,0,0,0,0,0,0,0,,0,69,43,728,16.93,4,1,1,4,,,95,137.8,141.8,116.3,,40,,2017
127,Jamison Crowder,WAS,WR,24,15,6,0,0,0,0,0,7,34,4.86,0,103,66,789,11.95,3,6,3,3,,,94,160.3,166.3,127.3,,41,,2017
128,Randall Cobb,GNB,WR,27,15,14,1,1,10,0,0,9,17,1.89,0,92,66,653,9.89,4,1,0,4,1,,93,159.4,162.4,126.4,,42,,2017
129,Marqise Lee,JAX,WR,26,14,14,0,1,0,0,0,1,17,17.00,0,96,56,702,12.54,3,1,0,3,1,,92,147.9,150.9,119.9,,43,,2017
130,Keelan Cole,JAX,WR,24,16,6,0,0,0,0,0,0,0,,0,83,42,748,17.81,3,2,1,3,,,91,132.8,136.8,111.8,,44,,2017
131,C.J. Beathard,SFO,QB,24,7,5,123,224,1430,4,6,26,136,5.23,3,0,0,0,,0,3,2,3,,,89,88.8,102.8,94.8,,33,,2017
132,DeSean Jackson,TAM,WR,31,14,13,0,0,0,0,0,3,38,12.67,0,90,50,668,13.36,3,0,0,3,,,89,138.6,141.6,113.6,,45,,2017
133,Kelvin Benjamin,2TM,WR,26,14,14,0,0,0,0,0,0,0,,0,78,48,692,14.42,3,0,0,3,,,87,135.2,138.2,111.2,,46,,2017
134,Jimmy Garoppolo,SFO,QB,26,6,5,120,178,1560,7,5,15,11,0.73,1,1,1,-6,-6.00,0,1,0,1,,,87,87.9,95.9,92.4,,34,,2017
135,Samaje Perine,WAS,RB,22,16,8,0,0,0,0,0,175,603,3.45,1,24,22,182,8.27,1,2,2,2,,,87,108.5,116.5,97.5,,42,,2017
136,Sterling Shepard,NYG,WR,24,11,10,0,0,0,0,0,4,4,1.00,0,84,59,731,12.39,2,1,0,2,,,86,144.5,147.5,115.0,,47,,2017
137,Josh Doctson,WAS,WR,25,16,14,0,0,0,0,0,1,-14,-14.00,0,78,35,502,14.34,6,0,0,6,,,85,119.8,122.8,102.3,,49,,2017
138,Will Fuller,HOU,WR,23,10,10,0,0,0,0,0,2,9,4.50,0,50,28,423,15.11,7,0,0,7,,,85,113.2,116.2,99.2,,48,,2017
139,Jordy Nelson,GNB,WR,32,15,15,0,0,0,0,0,0,0,,0,88,53,482,9.09,6,0,0,6,,,84,137.2,140.2,110.7,,50,,2017
140,Matt Breida,SFO,RB,22,16,0,0,0,0,0,0,105,465,4.43,2,36,21,180,8.57,1,1,0,3,,,83,103.5,109.5,93.0,,44,,2017
141,Martavis Bryant,PIT,WR,26,15,8,0,0,0,0,0,6,22,3.67,0,84,50,603,12.06,3,0,0,3,1,,83,132.5,135.5,107.5,,51,,2017
142,Matt Forte,NYJ,RB,32,12,4,0,0,0,0,0,103,381,3.70,2,45,37,293,7.92,1,1,1,3,,,83,120.4,127.4,101.9,,43,,2017
143,Corey Clement,PHI,RB,23,16,0,0,0,0,0,0,74,321,4.34,4,15,10,123,12.30,2,0,0,6,1,,82,92.4,98.4,87.4,,45,,2017
144,Hunter Henry,LAC,TE,23,14,13,0,0,0,0,0,0,0,,0,62,45,579,12.87,4,0,0,4,,,82,126.9,129.9,104.4,,12,,2017
145,Marlon Mack,IND,RB,21,14,0,0,0,0,0,0,93,358,3.85,3,33,21,225,10.71,1,1,0,4,,,82,103.3,109.3,92.8,,46,,2017
146,Ryan Grant,WAS,WR,27,16,7,0,0,0,0,0,0,0,,0,65,45,573,12.73,4,0,0,4,,,81,126.3,129.3,103.8,,52,,2017
147,Austin Ekeler,LAC,RB,22,16,0,0,0,0,0,0,47,260,5.53,2,35,27,279,10.33,3,2,2,5,,,80,106.9,114.9,93.4,,47,,2017
148,Jared Cook,OAK,TE,30,16,16,0,0,0,0,0,0,0,,0,86,54,688,12.74,2,1,1,2,,,79,132.8,136.8,105.8,,15,,2017
149,Vernon Davis,WAS,TE,33,16,16,0,0,0,0,0,0,0,,0,69,43,648,15.07,3,2,2,3,,,79,121.8,126.8,100.3,,14,,2017
Rk,Player,Tm,FantPos,Age,G,GS,Cmp,Att,Yds,TD,Int,Att,Yds,Y/A,TD,Tgt,Rec,Yds,Y/R,TD,Fmb,FL,TD,2PM,2PP,FantPt,PPR,DKPt,FDPt,VBD,PosRank,OvRank,2017
150,Eric Ebron,DET,TE,24,16,9,0,0,0,0,0,0,0,,0,86,53,574,10.83,4,1,1,4,,,79,132.4,136.4,105.9,,13,,2017
151,Tyler Lockett,SEA,WR,25,16,8,0,0,0,0,0,10,58,5.80,0,71,45,555,12.33,2,0,0,3,,,79,124.3,127.3,101.8,,53,,2017
152,James White,NWE,RB,25,14,4,0,0,0,0,0,43,171,3.98,0,72,56,429,7.66,3,0,0,3,,,78,134.0,140.0,106.0,,48,,2017
153,Chris Hogan,NWE,WR,30,9,7,0,0,0,0,0,3,17,5.67,0,59,34,439,12.91,5,0,0,5,,,76,109.6,112.6,92.6,,54,,2017
154,Ben Watson,BAL,TE,37,16,12,0,0,0,0,0,0,0,,0,79,61,522,8.56,4,1,0,4,,,76,137.2,140.2,106.7,,16,,2017
155,O.J. Howard,TAM,TE,23,14,14,0,0,0,0,0,0,0,,0,39,26,432,16.62,6,3,2,6,,,75,101.2,106.2,88.2,,17,,2017
156,Ryan Fitzpatrick,TAM,QB,35,6,3,96,163,1103,7,3,16,76,4.75,0,0,0,0,,0,0,0,0,,,74,73.7,79.7,76.7,,35,,2017
157,Albert Wilson,KAN,WR,25,13,7,0,0,0,0,0,3,6,2.00,0,62,42,554,13.19,3,0,0,3,,,74,116.0,119.0,95.0,,55,,2017
158,Brandon LaFell,CIN,WR,31,16,15,0,0,0,0,0,0,0,,0,89,52,548,10.54,3,1,0,3,,,73,124.8,127.8,98.8,,57,,2017
159,DeVante Parker,MIA,WR,24,13,12,0,0,0,0,0,0,0,,0,96,57,670,11.75,1,1,0,1,,,73,130.0,133.0,101.5,,56,,2017
160,Rod Smith,DAL,RB,25,15,1,0,0,0,0,0,55,232,4.22,4,23,19,202,10.63,1,0,0,5,,,73,92.4,98.4,82.9,,49,,2017
161,Jaron Brown,ARI,WR,27,16,8,0,0,0,0,0,0,0,,0,69,31,477,15.39,4,0,0,4,,,72,102.7,105.7,87.2,,58,,2017
162,Wayne Gallman,NYG,RB,23,13,1,0,0,0,0,0,111,476,4.29,0,48,34,193,5.68,1,3,1,1,,,71,104.9,111.9,87.9,,51,,2017
163,Austin Hooper,ATL,TE,23,16,8,0,0,0,0,0,0,0,,0,65,49,526,10.73,3,0,0,3,,,71,119.6,122.6,95.1,,18,,2017
164,Aaron Jones,GNB,RB,23,12,4,0,0,0,0,0,81,448,5.53,4,18,9,22,2.44,0,0,0,4,,,71,80.0,83.0,75.5,,50,,2017
165,Peyton Barber,TAM,RB,23,16,4,0,0,0,0,0,108,423,3.92,3,19,16,114,7.13,0,2,1,3,,,70,85.7,92.7,77.7,,52,,2017
166,Ty Montgomery,GNB,RB,24,8,5,0,0,0,0,0,71,273,3.85,3,31,23,173,7.52,1,0,0,4,,,69,91.6,97.6,80.1,,53,,2017
167,Charles Clay,BUF,TE,28,13,13,0,0,0,0,0,0,0,,0,74,49,558,11.39,2,1,0,2,,,68,116.8,119.8,92.3,,19,,2017
168,Mike Gillislee,NWE,RB,27,9,2,0,0,0,0,0,104,383,3.68,5,1,1,15,15.00,0,1,1,5,,,68,68.8,72.8,68.3,,55,,2017
169,Adam Humphries,TAM,WR,24,16,3,0,0,0,0,0,1,6,6.00,0,83,61,631,10.34,1,1,1,1,,,68,128.7,132.7,98.2,,59,,2017
170,Brock Osweiler,DEN,QB,27,6,4,96,172,1088,5,5,14,64,4.57,1,0,0,0,,0,2,1,1,,2,68,67.9,76.9,72.9,,36,,2017
171,Adrian Peterson,2TM,RB,32,10,7,0,0,0,0,0,156,529,3.39,2,19,11,70,6.36,0,3,2,2,,,68,78.9,83.9,73.4,,54,,2017
172,Emmanuel Sanders,DEN,WR,30,12,11,0,0,0,0,0,0,0,,0,92,47,555,11.81,2,0,0,2,,,68,114.5,117.5,91.0,,60,,2017
173,Kenny Golladay,DET,WR,24,11,5,0,0,0,0,0,1,9,9.00,0,48,28,477,17.04,3,0,0,3,,,67,94.6,97.6,80.6,,63,,2017
174,Doug Martin,TAM,RB,28,11,8,0,0,0,0,0,138,406,2.94,3,18,9,84,9.33,0,1,1,3,1,,67,76.0,80.0,71.5,,56,,2017
175,Deonte Thompson,2TM,WR,28,16,10,0,0,0,0,0,2,-5,-2.50,0,69,38,555,14.61,2,1,0,2,,,67,105.0,108.0,86.0,,62,,2017
176,Kendall Wright,CHI,WR,28,16,4,0,0,0,0,0,0,0,,0,91,59,614,10.41,1,0,0,1,,,67,126.4,129.4,96.9,,61,,2017
177,Alfred Morris,DAL,RB,29,14,5,0,0,0,0,0,115,547,4.76,1,9,7,45,6.43,0,0,0,1,,,65,72.2,75.2,68.7,,57,,2017
178,JJ Nelson,ARI,WR,25,16,5,0,0,0,0,0,3,37,12.33,0,61,29,508,17.52,2,1,1,2,,,65,93.5,97.5,79.0,,64,,2017
179,Brian Hoyer,2TM,QB,32,11,6,123,211,1287,4,4,9,4,0.44,1,0,0,0,,0,3,1,1,,,64,63.9,71.9,67.9,,37,,2017
Rk,Player,Tm,FantPos,Age,G,GS,Cmp,Att,Yds,TD,Int,Att,Yds,Y/A,TD,Tgt,Rec,Yds,Y/R,TD,Fmb,FL,TD,2PM,2PP,FantPt,PPR,DKPt,FDPt,VBD,PosRank,OvRank,2017
180,Chris Ivory,JAX,RB,29,14,3,0,0,0,0,0,112,382,3.41,1,28,21,175,8.33,1,2,2,2,,,64,84.7,92.7,74.2,,58,,2017
181,George Kittle,SFO,TE,24,15,7,0,0,0,0,0,0,0,,0,63,43,515,11.98,2,0,0,2,,,64,106.5,109.5,85.0,,21,,2017
182,Marcedes Lewis,JAX,TE,33,16,16,0,0,0,0,0,0,0,,0,48,24,318,13.25,5,0,0,5,1,,64,87.8,90.8,75.8,,20,,2017
183,J.D. McKissic,SEA,WR,24,13,1,0,0,0,0,0,46,187,4.07,1,46,34,266,7.82,2,0,0,3,,,63,97.3,103.3,80.3,,65,,2017
184,David Njoku,CLE,TE,21,16,5,0,0,0,0,0,1,1,1.00,0,60,32,386,12.06,4,0,0,4,,,63,94.7,97.7,78.7,,22,,2017
185,Eric Decker,TEN,WR,30,16,8,0,1,0,0,0,0,0,,0,83,54,563,10.43,1,0,0,1,,,62,116.3,119.3,89.3,,66,,2017
186,Blaine Gabbert,ARI,QB,28,5,5,95,171,1086,6,6,23,82,3.57,0,0,0,0,,0,7,2,0,,1,62,61.6,72.6,67.6,,38,,2017
187,Jeremy Maclin,BAL,WR,29,12,12,0,0,0,0,0,0,0,,0,72,40,440,11.00,3,0,0,3,,,62,102.0,105.0,82.0,,67,,2017
188,Devontae Booker,DEN,RB,25,13,0,0,0,0,0,0,79,299,3.78,1,38,30,275,9.17,0,2,1,1,,,61,91.4,98.4,76.4,,59,,2017
189,Allen Hurns,JAX,WR,26,10,8,0,0,0,0,0,0,0,,0,56,39,484,12.41,2,0,0,2,,,60,99.4,102.4,79.9,,68,,2017
190,Chris Godwin,TAM,WR,21,16,2,0,0,0,0,0,0,0,,0,55,34,525,15.44,1,0,0,1,,,59,92.5,95.5,75.5,,69,,2017
191,Elijah McGuire,NYJ,RB,23,16,2,0,0,0,0,0,88,315,3.58,1,26,17,177,10.41,1,2,2,2,1,,59,76.2,84.2,67.7,,60,,2017
192,Jalen Richard,OAK,RB,24,16,1,0,0,0,0,0,56,275,4.91,1,36,27,256,9.48,1,8,3,2,,,59,86.1,95.1,72.6,,61,,2017
193,Garrett Celek,SFO,TE,29,16,13,0,0,0,0,0,0,0,,0,33,21,336,16.00,4,0,0,4,,,58,78.6,81.6,68.1,,23,,2017
194,Kerwynn Williams,ARI,RB,26,16,6,0,0,0,0,0,120,426,3.55,1,15,10,93,9.30,0,0,0,1,,,58,67.9,70.9,62.9,,62,,2017
195,Terrance Williams,DAL,WR,28,16,14,0,0,0,0,0,2,15,7.50,0,78,53,568,10.72,0,0,0,0,,,58,111.3,114.3,84.8,,70,,2017
196,T.J. Yeldon,JAX,RB,24,10,0,0,0,0,0,0,49,253,5.16,2,41,30,224,7.47,0,2,1,2,,,58,87.7,94.7,72.7,,63,,2017
197,Trey Burton,PHI,TE,26,15,1,0,0,0,0,0,0,0,,0,31,23,248,10.78,5,0,0,5,1,,57,79.8,82.8,68.3,,24,,2017
198,Julius Thomas,MIA,TE,29,14,12,0,0,0,0,0,0,0,,0,62,41,388,9.46,3,1,0,3,,,57,97.8,100.8,77.3,,25,,2017
199,Cole Beasley,DAL,WR,28,15,4,0,0,0,0,0,0,0,,0,63,36,314,8.72,4,0,0,4,,,55,91.4,94.4,73.4,,71,,2017
200,Jesse James,PIT,TE,23,16,14,0,0,0,0,0,0,0,,0,63,43,372,8.65,3,0,0,3,,,55,98.2,101.2,76.7,,26,,2017
201,Cordarrelle Patterson,OAK,WR,26,16,2,0,0,0,0,0,13,121,9.31,2,42,31,309,9.97,0,3,0,2,,,55,86.0,92.0,70.5,,72,,2017
202,Torrey Smith,PHI,WR,28,16,14,0,0,0,0,0,1,-3,-3.00,0,67,36,430,11.94,2,0,0,2,,,55,90.7,93.7,72.7,,73,,2017
203,Dalvin Cook,MIN,RB,22,4,4,0,0,0,0,0,74,354,4.78,2,16,11,90,8.18,0,1,1,2,,,54,65.4,69.4,59.9,,64,,2017
204,Roger Lewis,NYG,WR,24,15,8,0,0,0,0,0,0,0,,0,72,36,416,11.56,2,0,0,2,,,54,89.6,92.6,71.6,,74,,2017
205,Bennie Fowler,DEN,WR,26,16,4,0,0,0,0,0,0,0,,0,56,29,350,12.07,3,1,0,3,,,53,82.0,85.0,67.5,,76,,2017
206,Trent Taylor,SFO,WR,23,15,1,0,0,0,0,0,0,0,,0,60,43,430,10.00,2,1,1,2,,,53,96.0,100.0,74.5,,75,,2017
207,Austin Seferian-Jenkins,NYJ,TE,25,13,10,0,0,0,0,0,0,0,,0,74,50,357,7.14,3,1,1,3,,,52,101.7,105.7,76.7,,27,,2017
208,D'Onta Foreman,HOU,RB,21,10,1,0,0,0,0,0,78,327,4.19,2,8,6,83,13.83,0,2,1,2,,,51,57.0,61.0,54.0,,65,,2017
209,Donte Moncrief,IND,WR,24,12,8,0,0,0,0,0,0,0,,0,47,26,391,15.04,2,0,0,2,,,51,77.1,80.1,64.1,,77,,2017
Rk,Player,Tm,FantPos,Age,G,GS,Cmp,Att,Yds,TD,Int,Att,Yds,Y/A,TD,Tgt,Rec,Yds,Y/R,TD,Fmb,FL,TD,2PM,2PP,FantPt,PPR,DKPt,FDPt,VBD,PosRank,OvRank,2017
210,Tom Savage,HOU,QB,27,8,7,125,223,1412,5,6,4,2,0.50,0,0,0,0,,0,8,7,0,,,51,50.7,66.7,56.7,,39,,2017
211,DeAndre Washington,OAK,RB,24,15,0,0,0,0,0,0,57,153,2.68,2,45,34,197,5.79,1,2,1,3,,,51,85.0,92.0,68.0,,66,,2017
212,Brice Butler,DAL,WR,27,13,0,0,0,0,0,0,0,0,,0,23,15,317,21.13,3,0,0,3,,,50,64.7,67.7,57.2,,80,,2017
213,Brandon Coleman,NOR,WR,25,16,6,0,0,0,0,0,0,0,,0,37,23,364,15.83,3,2,2,3,,,50,73.4,78.4,61.9,,78,,2017
214,Ed Dickson,CAR,TE,30,16,12,0,0,0,0,0,0,0,,0,48,30,437,14.57,1,0,0,1,,,50,79.7,82.7,64.7,,28,,2017
215,Pierre Garcon,SFO,WR,31,8,8,0,0,0,0,0,0,0,,0,67,40,500,12.50,0,0,0,0,,,50,90.0,93.0,70.0,,79,,2017
216,Antonio Gates,LAC,TE,37,16,4,0,0,0,0,0,0,0,,0,52,30,316,10.53,3,0,0,3,,,50,79.6,82.6,64.6,,29,,2017
217,Drew Stanton,ARI,QB,33,5,4,79,159,894,6,5,9,7,0.78,0,0,0,0,,0,3,0,0,,,50,50.5,58.5,55.5,,40,,2017
218,Odell Beckham Jr.,NYG,WR,25,4,2,0,0,0,0,0,1,8,8.00,0,41,25,302,12.08,3,0,0,3,,,49,74.0,77.0,61.5,,81,,2017
219,John Brown,ARI,WR,27,10,5,0,0,0,0,0,1,10,10.00,0,55,21,299,14.24,3,0,0,3,,,49,69.9,72.9,59.4,,82,,2017
220,Taylor Gabriel,ATL,WR,26,16,4,0,0,0,0,0,8,49,6.13,0,51,33,378,11.45,1,0,0,1,,,49,81.7,84.7,65.2,,83,,2017
221,Andre Ellington,2TM,RB,28,12,2,0,0,0,0,0,20,55,2.75,1,59,39,369,9.46,0,0,0,1,,,48,87.4,90.4,67.9,,67,,2017
222,T.J. Jones,DET,WR,25,14,6,0,0,0,0,0,0,0,,0,49,30,399,13.30,1,1,0,1,1,,48,77.9,80.9,62.9,,84,,2017
223,Chris Moore,BAL,WR,24,13,4,0,0,0,0,0,2,-9,-4.50,0,38,18,248,13.78,3,0,0,4,,,48,65.9,68.9,56.9,,85,,2017
224,Seth Roberts,OAK,WR,26,15,7,0,0,0,0,0,0,0,,0,65,43,455,10.58,1,2,2,1,,,48,90.5,95.5,69.0,,86,,2017
225,Bruce Ellington,HOU,WR,26,11,6,0,0,0,0,0,3,17,5.67,0,57,29,330,11.38,2,1,0,2,,,47,75.7,78.7,61.2,,87,,2017
226,Charcandrick West,KAN,RB,26,13,0,0,0,0,0,0,18,72,4.00,2,34,27,150,5.56,2,1,0,4,,,46,73.2,76.2,59.7,,68,,2017
227,Jamaal Charles,DEN,RB,31,14,0,0,0,0,0,0,69,296,4.29,1,28,23,129,5.61,0,2,2,1,,,45,67.5,75.5,56.0,,69,,2017
228,Josh Bellamy,CHI,WR,28,15,7,0,0,0,0,0,1,6,6.00,0,46,24,376,15.67,1,0,0,1,,,44,68.2,71.2,56.2,,88,,2017
229,Seth Devalve,CLE,TE,24,16,4,0,0,0,0,0,0,0,,0,58,33,395,11.97,1,1,1,1,,,44,76.5,80.5,60.0,,31,,2017
230,Jermaine Gresham,ARI,TE,29,14,14,0,0,0,0,0,0,0,,0,46,33,322,9.76,2,0,0,2,,,44,77.2,80.2,60.7,,30,,2017
231,Zay Jones,BUF,WR,22,15,10,0,0,0,0,0,0,0,,0,74,27,316,11.70,2,0,0,2,,,44,70.6,73.6,57.1,,89,,2017
232,Corey Coleman,CLE,WR,23,9,8,0,0,0,0,0,0,0,,0,58,23,305,13.26,2,0,0,2,,,43,65.5,68.5,54.0,,91,,2017
233,Cody Latimer,DEN,WR,25,11,1,0,0,0,0,0,0,0,,0,31,19,287,15.11,2,1,0,2,1,,43,61.7,64.7,52.2,,90,,2017
234,Coby Fleener,NOR,TE,29,11,1,0,0,0,0,0,0,0,,0,30,22,295,13.41,2,0,0,2,,,42,63.5,66.5,52.5,,32,,2017
235,Rashard Higgins,CLE,WR,23,15,4,0,0,0,0,0,1,4,4.00,0,50,27,312,11.56,2,1,1,2,,,42,68.6,72.6,55.1,,93,,2017
236,Tavarres King,NYG,WR,27,8,3,0,0,0,0,0,2,3,1.50,0,37,18,240,13.33,3,0,0,3,,,42,60.3,63.3,51.3,,92,,2017
237,Nick O'Leary,BUF,RB,25,15,5,0,0,0,0,0,0,0,,0,32,22,322,14.64,2,1,1,2,,,42,64.2,68.2,53.2,,70,,2017
238,Matt Moore,MIA,QB,33,4,2,78,127,861,4,5,3,9,3.00,0,0,0,0,,0,0,0,0,,,41,41.3,49.3,46.3,,41,,2017
239,Stephen Anderson,HOU,TE,24,15,5,0,0,0,0,0,0,0,,0,52,25,342,13.68,1,0,0,1,,,40,65.2,68.2,52.7,,33,,2017
Rk,Player,Tm,FantPos,Age,G,GS,Cmp,Att,Yds,TD,Int,Att,Yds,Y/A,TD,Tgt,Rec,Yds,Y/R,TD,Fmb,FL,TD,2PM,2PP,FantPt,PPR,DKPt,FDPt,VBD,PosRank,OvRank,2017
240,Josh Gordon,CLE,WR,26,5,5,0,0,0,0,0,0,0,,0,42,18,335,18.61,1,0,0,1,,,40,57.5,60.5,48.5,,97,,2017
241,Justin Hardy,ATL,WR,26,16,1,0,0,0,0,0,0,0,,0,29,20,221,11.05,3,1,0,3,,,40,60.1,63.1,50.1,,95,,2017
242,Dontrelle Inman,2TM,WR,28,12,7,0,0,0,0,0,0,0,,0,44,25,343,13.72,1,0,0,1,,,40,65.3,68.3,52.8,,94,,2017
243,Shane Vereen,NYG,RB,28,16,0,0,1,0,0,1,45,164,3.64,0,53,44,253,5.75,0,0,0,0,,,40,83.7,90.7,62.7,,71,,2017
244,Dede Westbrook,JAX,WR,24,7,5,0,0,0,0,0,0,0,,0,51,27,339,12.56,1,1,0,1,,,40,66.9,69.9,53.4,,96,,2017
245,Damien Williams,MIA,RB,25,11,4,0,0,0,0,0,46,181,3.93,0,28,20,155,7.75,1,0,0,1,,,40,59.6,65.6,49.6,,72,,2017
246,Corey Grant,JAX,RB,26,16,0,0,0,0,0,0,30,248,8.27,2,4,3,41,13.67,0,1,1,2,,,39,41.9,45.9,40.4,,74,,2017
247,Robert Kelley,WAS,RB,25,7,7,0,0,0,0,0,62,194,3.13,3,7,4,18,4.50,0,0,0,3,,,39,43.2,46.2,41.2,,73,,2017
248,Luke Willson,SEA,TE,27,16,7,0,0,0,0,0,0,0,,0,22,15,153,10.20,4,0,0,4,,,39,54.3,57.3,46.8,,34,,2017
249,Alfred Blue,HOU,RB,26,11,0,0,0,0,0,0,71,262,3.69,1,9,7,54,7.71,0,0,0,1,,,38,44.6,47.6,41.1,,77,,2017
250,Kenny Britt,2TM,WR,29,12,4,0,0,0,0,0,0,0,,0,43,20,256,12.80,2,0,0,2,,,38,57.6,60.6,47.6,,98,,2017
251,Jacquizz Rodgers,TAM,RB,27,16,4,0,0,0,0,0,64,244,3.81,1,11,9,74,8.22,0,0,0,1,,,38,46.8,49.8,42.3,,76,,2017
252,Ricky Seals-Jones,ARI,TE,22,10,1,0,0,0,0,0,0,0,,0,28,12,201,16.75,3,0,0,3,,,38,50.1,53.1,44.1,,35,,2017
253,Charles Sims,TAM,RB,27,16,0,0,0,0,0,0,21,95,4.52,0,47,35,249,7.11,1,1,1,1,,,38,73.4,77.4,55.9,,75,,2017
254,Benny Cunningham,CHI,RB,27,14,0,0,0,0,0,0,9,29,3.22,0,26,20,240,12.00,2,1,1,2,,,37,56.9,60.9,46.9,,79,,2017
255,Mike Davis,SEA,RB,24,6,6,0,0,0,0,0,68,240,3.53,0,18,15,131,8.73,0,0,0,0,,,37,52.1,58.1,44.6,,78,,2017
256,Kyle Juszczyk*,SFO,RB,26,14,10,0,0,0,0,0,7,31,4.43,0,42,33,315,9.55,1,2,2,1,,,37,69.6,74.6,53.1,,80,,2017
257,Mike Tolbert,BUF,RB,32,12,0,0,0,0,0,0,66,247,3.74,1,17,14,78,5.57,0,2,1,1,,,37,50.5,54.5,43.5,,81,,2017
258,Malcolm Brown,LAR,RB,24,11,1,0,0,0,0,0,63,246,3.90,1,11,9,53,5.89,0,1,0,1,,,36,44.9,47.9,40.4,,82,,2017
259,Corey Davis,TEN,WR,22,11,9,0,0,0,0,0,0,0,,0,65,34,375,11.03,0,1,1,0,,,36,69.5,73.5,52.5,,101,,2017
260,Rhett Ellison,NYG,TE,29,16,14,0,0,0,0,0,0,0,,0,32,24,235,9.79,2,0,0,2,,,36,59.5,62.5,47.5,,40,,2017
261,Gerald Everett,LAR,TE,23,16,2,0,0,0,0,0,1,13,13.00,0,32,16,244,15.25,2,1,1,2,,,36,51.7,55.7,43.7,,36,,2017
262,Darren Fells,DET,TE,31,16,13,0,0,0,0,0,0,0,,0,26,17,177,10.41,3,0,0,3,,,36,52.7,55.7,44.2,,37,,2017
263,Tyler Higbee,LAR,TE,24,16,16,0,0,0,0,0,0,0,,0,45,25,295,11.80,1,0,0,1,,,36,60.5,63.5,48.0,,39,,2017
264,Johnny Holton,OAK,WR,27,16,1,0,0,0,0,0,0,0,,0,18,9,218,24.22,3,3,2,3,,,36,44.8,49.8,40.3,,99,,2017
265,Ricardo Louis,CLE,WR,23,16,9,0,0,0,0,0,0,0,,0,61,27,357,13.22,0,0,0,0,,,36,62.7,65.7,49.2,,100,,2017
266,Zach Miller,CHI,TE,33,8,6,0,0,0,0,0,0,0,,0,35,20,236,11.80,2,0,0,2,,,36,55.6,58.6,45.6,,38,,2017
267,Tyler Boyd,CIN,WR,23,10,1,0,0,0,0,0,0,0,,0,32,22,225,10.23,2,0,0,2,,,35,56.5,59.5,45.5,,103,,2017
268,Chester Rogers,IND,WR,23,11,4,0,0,0,0,0,3,8,2.67,0,37,23,284,12.35,1,0,0,1,,,35,58.2,61.2,46.7,,102,,2017
269,Michael Campanaro,BAL,WR,26,13,0,0,0,0,0,0,5,42,8.40,0,27,19,173,9.11,1,4,0,2,,,34,52.5,55.5,43.0,,104,,2017
Rk,Player,Tm,FantPos,Age,G,GS,Cmp,Att,Yds,TD,Int,Att,Yds,Y/A,TD,Tgt,Rec,Yds,Y/R,TD,Fmb,FL,TD,2PM,2PP,FantPt,PPR,DKPt,FDPt,VBD,PosRank,OvRank,2017
270,A.J. Derby,2TM,TE,26,11,1,0,0,0,0,0,0,0,,0,40,21,244,11.62,2,1,1,2,,,34,55.4,59.4,44.9,,41,,2017
271,Nick Foles,PHI,QB,28,7,3,57,101,537,5,2,11,3,0.27,0,0,0,0,,0,6,2,0,,,34,33.8,40.8,35.8,,43,,2017
272,Mike Glennon,CHI,QB,28,4,4,93,140,833,4,5,4,4,1.00,0,0,0,0,,0,5,3,0,,,34,33.7,44.7,38.7,,45,,2017
273,Kevin Hogan,CLE,QB,25,4,1,46,75,517,4,5,10,71,7.10,0,0,0,0,,0,1,0,0,,,34,33.8,41.8,38.8,,44,,2017
274,Wendell Smallwood,PHI,RB,23,8,3,0,0,0,0,0,47,174,3.70,1,18,13,103,7.92,0,0,0,1,,,34,46.7,52.7,40.2,,83,,2017
275,T.J. Yates,HOU,QB,30,4,3,47,97,523,4,3,5,51,10.20,0,0,0,0,,0,5,1,0,,,34,34.0,41.0,37.0,,42,,2017
276,Chris Carson,SEA,RB,23,4,3,0,0,0,0,0,49,208,4.24,0,8,7,59,8.43,1,0,0,1,,,33,39.7,42.7,36.2,,84,,2017
277,Jordan Reed,WAS,TE,27,6,5,0,0,0,0,0,0,0,,0,35,27,211,7.81,2,1,0,2,,,33,60.1,63.1,46.6,,42,,2017
278,Taywan Taylor,TEN,WR,22,16,4,0,0,0,0,0,8,43,5.38,0,28,16,231,14.44,1,0,0,1,,,33,49.4,52.4,41.4,,105,,2017
279,Jakeem Grant,MIA,WR,25,16,0,0,0,0,0,0,3,12,4.00,0,22,13,203,15.62,2,2,1,2,,,32,44.5,48.5,38.0,,108,,2017
280,Jordan Matthews,BUF,WR,25,10,7,0,0,0,0,0,0,0,,0,36,25,282,11.28,1,1,1,1,,,32,57.2,61.2,44.7,,106,,2017
281,Jarius Wright,MIN,WR,28,16,0,0,0,0,0,0,0,0,,0,25,18,198,11.00,2,0,0,2,,,32,49.8,52.8,40.8,,107,,2017
282,Adam Shaheen,CHI,RB,23,13,7,0,0,0,0,0,0,0,,0,14,12,127,10.58,3,0,0,3,,,31,42.7,45.7,36.7,,85,,2017
283,Tavon Austin,LAR,WR,27,16,9,0,0,0,0,0,59,270,4.58,1,22,13,47,3.62,0,5,4,1,,,30,42.7,49.7,36.2,,110,,2017
284,Damiere Byrd,CAR,WR,24,8,3,0,0,0,0,0,1,12,12.00,0,17,10,105,10.50,2,0,0,3,,,30,39.7,42.7,34.7,,109,,2017
285,Tion Green,DET,RB,24,5,0,0,0,0,0,0,42,165,3.93,2,2,2,14,7.00,0,0,0,2,,,30,31.9,34.9,30.9,,86,,2017
286,Terrelle Pryor,WAS,QB,28,9,2,0,0,0,0,0,0,0,,0,37,20,240,12.00,1,0,0,1,,,30,50.0,53.0,40.0,,46,,2017
287,Martellus Bennett,2TM,TE,30,9,7,0,0,0,0,0,0,0,,0,44,30,286,9.53,0,0,0,0,,,29,58.6,61.6,43.6,,43,,2017
288,Mack Hollins,PHI,WR,24,16,0,0,0,0,0,0,0,0,,0,22,16,226,14.13,1,0,0,1,,,29,44.6,47.6,36.6,,111,,2017
289,Demetrius Harris,KAN,TE,26,16,7,0,0,0,0,0,0,0,,0,35,18,224,12.44,1,0,0,1,,,28,46.4,49.4,37.4,,44,,2017
290,Elijhaa Penny,ARI,RB,24,16,0,0,0,0,0,0,31,124,4.00,2,6,4,38,9.50,0,0,0,2,,,28,32.2,35.2,30.2,,87,,2017
291,Russell Shepard,CAR,WR,27,15,3,0,0,0,0,0,2,19,9.50,0,32,17,202,11.88,1,1,0,1,,,28,45.1,48.1,36.6,,112,,2017
292,Jonnu Smith,TEN,TE,22,16,13,0,0,0,0,0,0,0,,0,30,18,157,8.72,2,0,0,2,,,28,45.7,48.7,36.7,,45,,2017
293,Kapri Bibbs,WAS,RB,24,3,0,0,0,0,0,0,21,79,3.76,0,17,14,128,9.14,1,0,0,1,,,27,40.7,43.7,33.7,,88,,2017
294,Sam Bradford,MIN,QB,30,2,2,32,43,382,3,0,2,-3,-1.50,0,0,0,0,,0,0,0,0,,,27,27.0,30.0,27.0,,47,,2017
295,De'Anthony Thomas,KAN,WR,24,16,2,0,0,0,0,0,1,4,4.00,0,16,14,143,10.21,2,1,0,2,,,27,40.7,43.7,33.7,,113,,2017
296,Kendrick Bourne,SFO,WR,22,11,0,0,0,0,0,0,0,0,,0,34,16,257,16.06,0,0,0,0,,,26,41.7,44.7,33.7,,114,,2017
297,Jeff Heuerman,DEN,TE,25,14,6,0,0,0,0,0,0,0,,0,21,9,142,15.78,2,0,0,2,,,26,35.2,38.2,30.7,,47,,2017
298,Lance Kendricks,GNB,TE,29,16,9,0,0,0,0,0,0,0,,0,35,18,203,11.28,1,0,0,1,,,26,44.3,47.3,35.3,,46,,2017
299,Terrance West,BAL,RB,26,5,4,0,0,0,0,0,39,138,3.54,2,4,2,23,11.50,0,1,1,2,,,26,28.1,32.1,27.1,,89,,2017
Rk,Player,Tm,FantPos,Age,G,GS,Cmp,Att,Yds,TD,Int,Att,Yds,Y/A,TD,Tgt,Rec,Yds,Y/R,TD,Fmb,FL,TD,2PM,2PP,FantPt,PPR,DKPt,FDPt,VBD,PosRank,OvRank,2017
300,Danny Woodhead,BAL,WR,32,8,0,0,0,0,0,0,14,56,4.00,0,39,33,200,6.06,0,0,0,0,,,26,58.6,61.6,42.1,,115,,2017
301,Virgil Green,DEN,TE,29,16,16,0,0,0,0,0,0,0,,0,22,14,191,13.64,1,0,0,1,,,25,39.1,42.1,32.1,,48,,2017
302,Vance McDonald,PIT,TE,27,10,7,0,0,0,0,0,0,0,,0,24,14,188,13.43,1,0,0,1,,,25,38.8,41.8,31.8,,50,,2017
303,Greg Olsen,CAR,TE,32,7,7,0,0,0,0,0,0,0,,0,38,17,191,11.24,1,0,0,1,,,25,42.1,45.1,33.6,,49,,2017
304,Bryce Petty,NYJ,QB,26,4,3,55,112,544,1,3,7,55,7.86,0,0,0,0,,0,1,0,0,,,25,25.3,31.3,28.3,,48,,2017
305,Alex Erickson,CIN,WR,25,16,0,0,0,0,0,0,5,16,3.20,0,16,12,180,15.00,1,6,1,1,,,24,35.6,39.6,29.6,,117,,2017
306,Ryan Griffin,HOU,TE,27,7,6,0,0,0,0,0,0,0,,0,26,13,158,12.15,1,0,0,1,1,,24,36.8,39.8,30.3,,53,,2017
307,Jeremy Kerley,NYJ,WR,29,8,2,0,0,0,0,0,0,0,,0,27,22,217,9.86,1,3,2,1,,,24,45.7,50.7,34.7,,116,,2017
308,Dion Sims,CHI,TE,26,14,14,0,0,0,0,0,0,0,,0,29,15,180,12.00,1,0,0,1,,,24,39.0,42.0,31.5,,52,,2017
309,Levine Toilolo,ATL,TE,26,15,12,0,0,0,0,0,0,0,,0,14,12,122,10.17,1,0,0,2,,,24,36.2,39.2,30.2,,51,,2017
310,Geronimo Allison,GNB,WR,23,15,2,0,0,0,0,0,0,0,,0,39,23,253,11.00,0,2,1,0,,,23,46.3,50.3,34.8,,118,,2017
311,Tommy Bohanon,JAX,RB,27,16,10,0,0,0,0,0,5,5,1.00,2,11,6,43,7.17,1,0,0,3,,,23,28.8,28.8,25.8,,91,,2017
312,Eddie Lacy,SEA,RB,27,9,3,0,0,0,0,0,69,179,2.59,0,6,6,47,7.83,0,0,0,0,,,23,28.6,31.6,25.6,,92,,2017
313,Thomas Rawls,SEA,RB,24,12,3,0,0,0,0,0,58,157,2.71,0,13,9,94,10.44,0,1,1,0,,,23,32.1,36.1,27.6,,90,,2017
314,Nick Boyle,BAL,TE,24,15,11,0,0,0,0,0,0,0,,0,37,28,203,7.25,0,0,0,0,1,,22,50.3,53.3,36.3,,54,,2017
315,Travaris Cadet,2TM,RB,28,9,0,0,0,0,0,0,23,96,4.17,0,19,16,119,7.44,0,0,0,0,,,22,37.5,40.5,29.5,,93,,2017
316,Jaydon Mickens,JAX,WR,23,10,0,0,0,0,0,0,0,0,,0,11,6,77,12.83,2,4,2,3,,,22,27.7,29.7,24.7,,120,,2017
317,Braxton Miller,HOU,WR,25,11,3,0,0,0,0,0,1,1,1.00,0,29,19,162,8.53,1,0,0,1,,,22,41.3,44.3,31.8,,119,,2017
318,Richard Rodgers,GNB,TE,25,15,1,0,0,0,0,0,0,0,,0,19,12,160,13.33,1,0,0,1,,,22,34.0,37.0,28.0,,55,,2017
319,James O'Shaughnessy,JAX,TE,25,16,1,0,0,0,0,0,0,0,,0,24,14,149,10.64,1,0,0,1,,,21,34.9,37.9,27.9,,56,,2017
320,Demarcus Robinson,KAN,WR,23,16,8,0,0,0,0,0,0,0,,0,39,21,212,10.10,0,0,0,0,,,21,42.2,45.2,31.7,,121,,2017
321,Phillip Dorsett,NWE,WR,24,15,2,0,0,0,0,0,1,7,7.00,0,18,12,194,16.17,0,0,0,0,,,20,32.1,35.1,26.1,,122,,2017
322,Laquon Treadwell,MIN,WR,22,16,7,0,0,0,0,0,0,0,,0,35,20,200,10.00,0,1,0,0,,,20,40.0,43.0,30.0,,123,,2017
323,Brent Celek,PHI,TE,32,16,10,0,0,0,0,0,0,0,,0,24,13,130,10.00,1,0,0,1,,,19,32.0,35.0,25.5,,58,,2017
324,David Fales,MIA,QB,27,2,0,29,43,265,1,1,4,8,2.00,1,0,0,0,,0,0,0,1,,,19,19.4,20.4,20.4,,49,,2017
325,Troy Niklas,ARI,TE,25,15,11,0,0,0,0,0,0,0,,0,23,11,132,12.00,1,0,0,1,,,19,30.2,33.2,24.7,,57,,2017
326,Eli Rogers,PIT,WR,25,14,4,0,0,0,0,0,0,0,,0,36,18,149,8.28,1,1,1,1,,,19,36.9,40.9,27.9,,124,,2017
327,Chris Conley,KAN,WR,25,5,5,0,0,0,0,0,0,0,,0,16,11,175,15.91,0,0,0,0,,,18,28.5,31.5,23.0,,127,,2017
328,Louis Murphy,SFO,WR,30,7,7,0,0,0,0,0,0,0,,0,17,8,121,15.13,1,0,0,1,,,18,26.1,29.1,22.1,,125,,2017
329,Curtis Samuel,CAR,WR,21,9,4,0,0,0,0,0,4,64,16.00,0,26,15,115,7.67,0,0,0,0,,,18,32.9,35.9,25.4,,126,,2017
Rk,Player,Tm,FantPos,Age,G,GS,Cmp,Att,Yds,TD,Int,Att,Yds,Y/A,TD,Tgt,Rec,Yds,Y/R,TD,Fmb,FL,TD,2PM,2PP,FantPt,PPR,DKPt,FDPt,VBD,PosRank,OvRank,2017
330,Eric Tomlinson,NYJ,TE,25,14,12,0,0,0,0,0,0,0,,0,11,8,121,15.13,1,0,0,1,,,18,26.1,29.1,22.1,,60,,2017
331,Nick Vannett,SEA,TE,24,15,4,0,0,0,0,0,0,0,,0,15,12,124,10.33,1,0,0,1,,,18,30.4,33.4,24.4,,59,,2017
332,Kenjon Barner,PHI,RB,28,13,1,0,0,0,0,0,16,57,3.56,1,8,5,56,11.20,0,3,0,1,,,17,22.3,22.3,19.8,,94,,2017
333,Anthony Fasano,MIA,TE,33,16,7,0,0,0,0,0,0,0,,0,16,12,107,8.92,1,1,0,1,,,17,28.7,31.7,22.7,,61,,2017
334,Tommylee Lewis,NOR,WR,25,15,0,0,0,0,0,0,2,14,7.00,0,14,10,116,11.60,1,1,1,1,,,17,27.0,31.0,22.0,,128,,2017
335,Robert Turbin,IND,RB,28,6,1,0,0,0,0,0,23,53,2.30,1,11,9,56,6.22,0,0,0,1,,,17,25.9,25.9,21.4,,95,,2017
336,Cameron Artis-Payne,CAR,RB,27,13,0,0,0,0,0,0,18,95,5.28,1,1,1,2,2.00,0,0,0,1,,,16,16.7,16.7,16.2,,97,,2017
337,Chris Johnson,ARI,RB,32,4,3,0,0,0,0,0,45,114,2.53,0,6,5,43,8.60,0,0,0,0,,,16,20.7,23.7,18.2,,96,,2017
338,David Morgan,MIN,TE,24,15,6,0,0,0,0,0,0,0,,0,12,10,95,9.50,1,0,0,1,,,16,25.5,25.5,20.5,,62,,2017
339,Josh Reynolds,LAR,WR,22,16,1,0,0,0,0,0,0,0,,0,24,11,104,9.45,1,0,0,1,,,16,27.4,30.4,21.9,,129,,2017
340,Dwayne Allen,NWE,TE,27,16,8,0,0,0,0,0,0,0,,0,22,10,86,8.60,1,0,0,1,,,15,24.6,24.6,19.6,,65,,2017
341,Kaelin Clay,2TM,WR,25,13,2,0,0,0,0,0,3,27,9.00,0,19,6,85,14.17,0,3,1,1,,,15,21.2,22.2,18.2,,131,,2017
342,D.J. Foster,ARI,RB,24,7,0,0,0,0,0,0,6,19,3.17,0,28,17,133,7.82,0,0,0,0,,,15,32.2,35.2,23.7,,98,,2017
343,James Hanna,DAL,TE,28,16,8,0,0,0,0,0,0,0,,0,9,4,88,22.00,1,0,0,1,,,15,18.8,18.8,16.8,,64,,2017
344,Paxton Lynch,DEN,QB,23,2,2,30,45,295,2,3,5,30,6.00,0,0,0,0,,0,2,1,0,,,15,14.8,18.8,17.8,,50,,2017
345,Brandon Marshall,NYG,WR,33,5,5,0,0,0,0,0,0,0,,0,33,18,154,8.56,0,0,0,0,,,15,33.4,36.4,24.4,,130,,2017
346,Anthony Sherman,KAN,RB,29,16,3,0,0,0,0,0,14,40,2.86,1,8,6,47,7.83,0,0,0,1,,,15,20.7,20.7,17.7,,99,,2017
347,C.J. Uzomah,CIN,TE,24,14,4,0,0,0,0,0,0,0,,0,15,10,92,9.20,1,0,0,1,,,15,25.2,25.2,20.2,,63,,2017
348,James Conner,PIT,RB,22,14,0,0,0,0,0,0,32,144,4.50,0,1,0,0,,0,0,0,0,,,14,14.4,17.4,14.4,,100,,2017
349,C.J. Ham,MIN,RB,24,16,1,0,0,0,0,0,7,13,1.86,1,8,7,68,9.71,0,0,0,1,,,14,21.1,21.1,17.6,,101,,2017
350,Darrius Heyward-Bey,PIT,WR,30,16,0,0,0,0,0,0,2,32,16.00,1,3,2,47,23.50,0,0,0,1,,,14,15.9,15.9,14.9,,135,,2017
351,Josh Hill,NOR,TE,27,16,11,0,0,0,0,0,1,-8,-8.00,0,22,16,125,7.81,1,2,2,1,,,14,29.7,34.7,21.7,,66,,2017
352,EJ Manuel,OAK,QB,27,2,1,24,43,265,1,1,2,15,7.50,0,0,0,0,,0,0,0,0,,,14,14.1,15.1,15.1,,51,,2017
353,Tre McBride,CHI,WR,25,8,3,0,0,0,0,0,0,0,,0,15,8,144,18.00,0,0,0,0,,,14,22.4,25.4,18.4,,132,,2017
354,Jamize Olawale,OAK,RB,28,12,0,0,0,0,0,0,9,43,4.78,1,7,6,33,5.50,0,1,0,1,,,14,19.6,19.6,16.6,,103,,2017
355,Paul Perkins,NYG,RB,23,11,4,0,0,0,0,0,41,90,2.20,0,10,8,46,5.75,0,0,0,0,,,14,21.6,21.6,17.6,,102,,2017
356,Brandon Tate,BUF,WR,30,13,1,0,0,0,0,0,0,0,,0,14,6,81,13.50,1,1,0,1,,,14,20.1,20.1,17.1,,134,,2017
357,Jordan Taylor,DEN,WR,25,10,2,0,0,0,0,0,0,0,,0,20,13,142,10.92,0,1,0,0,,,14,27.2,30.2,20.7,,133,,2017
358,Kamar Aiken,IND,WR,28,15,7,0,0,0,0,0,0,0,,0,44,15,133,8.87,0,0,0,0,,,13,28.3,31.3,20.8,,136,,2017
359,Brenton Bersin,CAR,WR,27,8,1,0,0,0,0,0,0,0,,0,14,8,128,16.00,0,0,0,0,,,13,20.8,23.8,16.8,,138,,2017
Rk,Player,Tm,FantPos,Age,G,GS,Cmp,Att,Yds,TD,Int,Att,Yds,Y/A,TD,Tgt,Rec,Yds,Y/R,TD,Fmb,FL,TD,2PM,2PP,FantPt,PPR,DKPt,FDPt,VBD,PosRank,OvRank,2017
360,Daniel Brown,CHI,TE,25,14,2,0,0,0,0,0,0,0,,0,20,13,129,9.92,0,0,0,0,,,13,25.9,28.9,19.4,,68,,2017
361,Pharoh Cooper*+,LAR,WR,22,16,1,0,0,0,0,0,1,6,6.00,0,19,11,84,7.64,0,3,1,1,,,13,24.0,25.0,18.5,,137,,2017
362,C.J. Fiedorowicz,HOU,TE,26,5,5,0,0,0,0,0,0,0,,0,22,14,127,9.07,0,0,0,0,,,13,26.7,29.7,19.7,,69,,2017
363,Jeremy Hill,CIN,RB,25,7,7,0,0,0,0,0,37,116,3.14,0,4,4,16,4.00,0,1,0,0,,,13,17.2,20.2,15.2,,104,,2017
364,Josh Malone,CIN,WR,21,11,7,0,0,0,0,0,2,2,1.00,0,17,6,63,10.50,1,0,0,1,,,13,18.5,18.5,15.5,,139,,2017
365,Roosevelt Nix*,PIT,RB,25,16,4,0,0,0,0,0,3,0,0.00,1,3,2,6,3.00,1,0,0,2,,,13,14.6,14.6,13.6,,105,,2017
366,Logan Thomas,BUF,QB,26,12,2,0,0,0,0,0,0,0,,0,9,7,67,9.57,1,0,0,1,,,13,19.7,19.7,16.2,,52,,2017
367,Fozzy Whittaker,CAR,RB,28,12,0,0,0,0,0,0,7,18,2.57,0,6,5,47,9.40,1,0,0,1,,,13,17.5,17.5,15.0,,106,,2017
368,Maxx Williams,BAL,TE,23,11,8,0,0,0,0,0,2,6,3.00,0,18,15,86,5.73,1,1,1,1,,,13,28.2,29.2,20.7,,67,,2017
369,Marvin Hall,ATL,WR,24,8,0,0,0,0,0,0,0,0,,0,9,2,60,30.00,1,0,0,1,,,12,14.0,14.0,13.0,,142,,2017
370,Maurice Harris,WAS,WR,25,6,0,0,0,0,0,0,0,0,,0,6,4,62,15.50,1,0,0,1,,,12,16.2,16.2,14.2,,140,,2017
371,Terron Ward,ATL,RB,25,14,0,0,0,0,0,0,30,129,4.30,0,3,3,14,4.67,0,1,1,0,,,12,15.3,19.3,13.8,,107,,2017
372,Brandon Williams,IND,WR,30,14,10,0,0,0,0,0,0,0,,0,17,13,121,9.31,0,0,0,0,,,12,25.1,28.1,18.6,,141,,2017
373,Lance Dunbar,LAR,RB,27,4,0,0,0,0,0,0,11,51,4.64,1,3,1,1,1.00,0,0,0,1,,,11,12.2,12.2,11.7,,108,,2017
374,Trey Edmunds,NOR,RB,23,16,0,0,0,0,0,0,9,48,5.33,1,0,0,0,,0,0,0,1,,,11,10.8,10.8,10.8,,112,,2017
375,De'Angelo Henderson,DEN,RB,25,5,0,0,0,0,0,0,7,13,1.86,0,2,2,36,18.00,1,0,0,1,,,11,12.9,12.9,11.9,,111,,2017
376,Michael Hoomanawanui,NOR,TE,29,14,10,0,0,0,0,0,0,0,,0,10,6,52,8.67,1,0,0,1,,,11,17.2,17.2,14.2,,70,,2017
377,Andy Janovich,DEN,RB,24,16,4,0,0,0,0,0,6,12,2.00,1,6,4,35,8.75,0,0,0,1,,,11,14.7,14.7,12.7,,113,,2017
378,Branden Oliver,LAC,RB,26,8,0,0,0,0,0,0,35,83,2.37,0,11,6,26,4.33,0,0,0,0,,,11,16.9,16.9,13.9,,110,,2017
379,C.J. Prosise,SEA,RB,23,5,0,0,0,0,0,0,11,23,2.09,0,11,6,87,14.50,0,0,0,0,,,11,17.0,17.0,14.0,,109,,2017
380,Hunter Sharp,2TM,WR,23,3,1,0,0,0,0,0,0,0,,0,9,5,54,10.80,1,0,0,1,,,11,16.4,16.4,13.9,,143,,2017
381,ArDarius Stewart,NYJ,WR,24,15,2,0,0,0,0,0,7,27,3.86,0,13,6,82,13.67,0,0,0,0,,,11,16.9,16.9,13.9,,144,,2017
382,Zach Line,NOR,RB,27,12,4,0,0,0,0,0,7,28,4.00,0,5,2,8,4.00,1,0,0,1,,,10,11.6,11.6,10.6,,114,,2017
383,Patrick Mahomes,KAN,QB,22,1,1,22,35,284,0,1,7,10,1.43,0,0,0,0,,0,0,0,0,,,10,10.4,11.4,11.4,,54,,2017
384,Freddie Martino,TAM,WR,26,8,0,0,0,0,0,0,0,0,,0,6,5,96,19.20,0,0,0,0,,,10,14.6,14.6,12.1,,147,,2017
385,Nathan Peterman,BUF,QB,23,4,2,24,49,252,2,5,7,23,3.29,0,0,0,0,,0,2,0,0,,,10,10.4,15.4,15.4,,53,,2017
386,Travis Rudolph,NYG,WR,22,7,1,0,0,0,0,0,0,0,,0,21,8,101,12.63,0,0,0,0,,,10,18.1,21.1,14.1,,145,,2017
387,Geno Smith,NYG,QB,27,2,1,21,36,212,1,0,4,12,3.00,0,0,0,0,,0,2,2,0,,,10,9.7,11.7,9.7,,55,,2017
388,Jaelen Strong,2TM,WR,23,2,0,0,0,0,0,0,0,0,,0,4,3,38,12.67,1,0,0,1,,,10,12.8,12.8,11.3,,146,,2017
389,Phillip Supernaw,TEN,TE,27,16,3,0,0,0,0,0,0,0,,0,6,4,39,9.75,1,0,0,1,,,10,13.9,13.9,11.9,,72,,2017
Rk,Player,Tm,FantPos,Age,G,GS,Cmp,Att,Yds,TD,Int,Att,Yds,Y/A,TD,Tgt,Rec,Yds,Y/R,TD,Fmb,FL,TD,2PM,2PP,FantPt,PPR,DKPt,FDPt,VBD,PosRank,OvRank,2017
390,Austin Traylor,DEN,TE,24,7,3,0,0,0,0,0,0,0,,0,13,8,100,12.50,0,0,0,0,,,10,18.0,21.0,14.0,,71,,2017
391,Mike Williams,LAC,WR,23,10,1,0,0,0,0,0,0,0,,0,23,11,95,8.64,0,0,0,0,,,10,20.5,20.5,15.0,,148,,2017
392,Jerell Adams,NYG,TE,25,16,1,0,0,0,0,0,0,0,,0,11,8,92,11.50,0,0,0,0,,,9,17.2,17.2,13.2,,73,,2017
393,Xavier Grimble,PIT,TE,25,15,2,0,0,0,0,0,0,0,,0,9,5,32,6.40,1,0,0,1,,,9,14.2,14.2,11.7,,74,,2017
394,Chad Hansen,NYJ,WR,22,15,1,0,0,0,0,0,0,0,,0,17,9,94,10.44,0,0,0,0,,,9,18.4,18.4,13.9,,149,,2017
395,Landry Jones,PIT,QB,28,3,1,23,28,239,1,1,8,-10,-1.25,0,0,0,0,,0,1,1,0,,,9,8.6,10.6,9.6,,56,,2017
396,Luke Stocker,2TM,TE,29,12,6,0,0,0,0,0,0,0,,0,5,4,30,7.50,1,0,0,1,,,9,13.0,13.0,11.0,,75,,2017
397,Ryan Switzer,DAL,WR,23,16,0,0,0,0,0,0,4,5,1.25,0,7,6,41,6.83,0,1,1,1,,,9,14.6,15.6,11.6,,151,,2017
398,Mike Thomas,LAR,WR,23,8,1,0,0,0,0,0,0,0,,0,7,5,93,18.60,0,1,0,0,,,9,14.3,14.3,11.8,,150,,2017
399,Bobo Wilson,TAM,WR,22,3,1,0,0,0,0,0,3,8,2.67,0,1,1,18,18.00,1,0,0,1,,,9,9.6,9.6,9.1,,152,,2017
400,Zach Zenner,DET,RB,26,8,0,0,0,0,0,0,14,26,1.86,1,1,0,0,,0,0,0,1,,,9,8.6,8.6,8.6,,115,,2017
401,Trevor Davis,GNB,WR,24,16,0,0,0,0,0,0,2,13,6.50,0,7,5,70,14.00,0,0,0,0,,,8,13.3,13.3,10.8,,156,,2017
402,Michael Floyd,MIN,WR,28,11,1,0,0,0,0,0,0,0,,0,17,10,78,7.80,0,0,0,0,,,8,17.8,17.8,12.8,,158,,2017
403,Justin Hunter,PIT,WR,26,7,1,0,0,0,0,0,0,0,,0,10,4,23,5.75,1,0,0,1,,,8,12.3,12.3,10.3,,155,,2017
404,Breshad Perriman,BAL,WR,24,11,3,0,0,0,0,0,0,0,,0,35,10,77,7.70,0,0,0,0,,,8,17.7,17.7,12.7,,159,,2017
405,Brian Quick,WAS,WR,28,11,1,0,0,0,0,0,0,0,,0,8,6,76,12.67,0,0,0,0,,,8,13.6,13.6,10.6,,160,,2017
406,Bobby Rainey,BAL,RB,30,4,0,0,0,0,0,0,1,2,2.00,0,7,5,18,3.60,0,0,0,1,,,8,13.0,13.0,10.5,,116,,2017
407,Lee Smith,OAK,TE,30,16,9,0,0,0,0,0,0,0,,0,11,8,76,9.50,0,0,0,0,,,8,15.6,15.6,11.6,,77,,2017
408,Neal Sterling,NYJ,WR,25,11,1,0,0,0,0,0,0,0,,0,10,6,82,13.67,0,0,0,0,,,8,14.2,14.2,11.2,,157,,2017
409,Nate Sudfeld,PHI,QB,24,1,0,19,23,134,0,0,1,22,22.00,0,0,0,0,,0,0,0,0,,,8,7.6,7.6,7.6,,57,,2017
410,Chris Thompson,HOU,WR,23,13,0,0,0,0,0,0,0,0,,0,6,5,84,16.80,0,3,0,0,,,8,13.4,13.4,10.9,,154,,2017
411,Ross Travis,2TM,TE,24,15,3,0,0,0,0,0,0,0,,0,17,7,76,10.86,0,1,0,0,,,8,14.6,14.6,11.1,,78,,2017
412,Clive Walford,OAK,TE,26,13,0,0,0,0,0,0,0,0,,0,13,9,80,8.89,0,0,0,0,,,8,17.0,17.0,12.5,,76,,2017
413,Kasen Williams,CLE,WR,25,7,2,0,0,0,0,0,0,0,,0,18,9,84,9.33,0,0,0,0,,,8,17.4,17.4,12.9,,153,,2017
414,Brandon Bolden,NWE,RB,27,16,0,0,0,0,0,0,13,67,5.15,0,4,1,7,7.00,0,0,0,0,,,7,8.4,8.4,7.9,,117,,2017
415,Derek Carrier,LAR,WR,27,14,3,0,0,0,0,0,0,0,,0,11,8,71,8.88,0,0,0,0,,,7,15.1,15.1,11.1,,164,,2017
416,Leonte Carroo,MIA,WR,23,14,0,0,0,0,0,0,0,0,,0,12,7,69,9.86,0,0,0,0,,,7,13.9,13.9,10.4,,167,,2017
417,Sammie Coates,CLE,WR,24,12,1,0,0,0,0,0,0,0,,0,11,6,70,11.67,0,0,0,0,,,7,13.0,13.0,10.0,,166,,2017
418,Amara Darboh,SEA,WR,23,16,0,0,0,0,0,0,0,0,,0,13,8,71,8.88,0,0,0,0,,,7,15.1,15.1,11.1,,163,,2017
419,Brittan Golden,ARI,WR,29,13,0,0,0,0,0,0,0,0,,0,9,5,70,14.00,0,0,0,0,,,7,12.0,12.0,9.5,,165,,2017
Rk,Player,Tm,FantPos,Age,G,GS,Cmp,Att,Yds,TD,Int,Att,Yds,Y/A,TD,Tgt,Rec,Yds,Y/R,TD,Fmb,FL,TD,2PM,2PP,FantPt,PPR,DKPt,FDPt,VBD,PosRank,OvRank,2017
420,Brian Hill,2TM,RB,22,7,0,0,0,0,0,0,11,37,3.36,0,2,2,36,18.00,0,0,0,0,,,7,9.3,9.3,8.3,,118,,2017
421,David Johnson,ARI,RB,26,1,1,0,0,0,0,0,11,23,2.09,0,9,6,67,11.17,0,2,1,0,,,7,13.0,14.0,10.0,,119,,2017
422,Tre Madden,SEA,RB,24,8,3,0,0,0,0,0,0,0,,0,2,2,65,32.50,0,0,0,0,,,7,8.5,8.5,7.5,,121,,2017
423,Byron Marshall,WAS,RB,23,4,0,0,0,0,0,0,9,32,3.56,0,8,6,36,6.00,0,0,0,0,,,7,12.8,12.8,9.8,,120,,2017
424,Tanner McEvoy,SEA,WR,24,15,0,0,1,0,0,1,0,0,,0,9,5,113,22.60,0,1,1,0,,,7,12.3,17.3,10.8,,161,,2017
425,Willie Snead,NOR,WR,25,11,7,0,0,0,0,0,0,0,,0,16,8,92,11.50,0,1,1,0,,,7,15.2,16.2,11.2,,162,,2017
426,Jeremy Sprinkle,WAS,TE,23,11,5,0,0,0,0,0,0,0,,0,3,2,13,6.50,1,0,0,1,,,7,9.3,9.3,8.3,,79,,2017
427,Bryce Treggs,CLE,WR,23,6,1,0,0,0,0,0,1,6,6.00,0,18,5,79,15.80,0,1,1,0,,,7,11.5,12.5,9.0,,168,,2017
428,Nick Bellore,DET,RB,28,13,2,0,0,0,0,0,0,0,,0,1,1,1,1.00,1,0,0,1,,,6,7.1,7.1,6.6,,123,,2017
429,Alan Cross,TAM,TE,24,8,4,0,0,0,0,0,0,0,,0,6,5,58,11.60,0,0,0,0,,,6,10.8,10.8,8.3,,80,,2017
430,Jalston Fowler,TEN,RB,27,10,1,0,0,0,0,0,2,4,2.00,1,1,0,0,,0,0,0,1,,,6,6.4,6.4,6.4,,122,,2017
431,Ben Koyack,JAX,TE,24,16,3,0,0,0,0,0,0,0,,0,7,5,38,7.60,0,0,0,0,1,,6,10.8,10.8,8.3,,81,,2017
432,Vince Mayle,BAL,WR,26,16,0,0,0,0,0,0,2,2,1.00,1,1,0,0,,0,0,0,1,,,6,6.2,6.2,6.2,,170,,2017
433,Dwayne Washington,DET,RB,23,5,0,0,0,0,0,0,20,44,2.20,0,2,2,14,7.00,0,0,0,0,,,6,7.8,7.8,6.8,,125,,2017
434,Derek Watt,LAC,RB,25,16,4,0,0,0,0,0,6,24,4.00,0,3,2,35,17.50,0,0,0,0,,,6,7.9,7.9,6.9,,124,,2017
435,Chad Williams,ARI,WR,23,6,1,0,0,0,0,0,2,33,16.50,0,7,3,31,10.33,0,0,0,0,,,6,9.4,9.4,7.9,,169,,2017
436,Orson Charles,KAN,TE,26,5,0,0,0,0,0,0,0,0,,0,2,2,53,26.50,0,0,0,0,,,5,7.3,7.3,6.3,,82,,2017
437,Tyler Eifert,CIN,TE,27,2,1,0,0,0,0,0,0,0,,0,5,4,46,11.50,0,0,0,0,,,5,8.6,8.6,6.6,,86,,2017
438,Tyler Ervin,HOU,RB,24,4,0,0,0,0,0,0,4,12,3.00,0,11,8,38,4.75,0,0,0,0,,,5,13.0,13.0,9.0,,128,,2017
439,Jacob Hollister,NWE,TE,24,15,1,0,0,0,0,0,1,5,5.00,0,11,4,42,10.50,0,0,0,0,,,5,8.7,8.7,6.7,,83,,2017
440,Akeem Hunt,KAN,RB,24,15,0,0,0,0,0,0,8,23,2.88,0,7,4,31,7.75,0,0,0,0,,,5,9.4,9.4,7.4,,126,,2017
441,Sean Mannion,LAR,QB,25,5,1,22,37,185,0,0,9,-2,-0.22,0,0,0,0,,0,2,1,0,,,5,5.2,6.2,5.2,,58,,2017
442,Sean McGrath,LAC,TE,30,15,6,0,0,0,0,0,0,0,,0,4,4,46,11.50,0,0,0,0,,,5,8.6,8.6,6.6,,84,,2017
443,Ifeanyi Momah,ARI,WR,28,9,2,0,0,0,0,0,0,0,,0,2,1,46,46.00,0,0,0,0,,,5,5.6,5.6,5.1,,173,,2017
444,Marcus Murphy,BUF,RB,26,1,0,0,0,0,0,0,7,41,5.86,0,2,2,7,3.50,0,0,0,0,,,5,6.8,6.8,5.8,,129,,2017
445,Aaron Ripkowski,GNB,RB,25,16,2,0,0,0,0,0,5,13,2.60,0,10,7,39,5.57,0,0,0,0,,,5,12.2,12.2,8.7,,127,,2017
446,Michael Roberts,DET,TE,23,15,3,0,0,0,0,0,0,0,,0,7,4,46,11.50,0,0,0,0,,,5,8.6,8.6,6.6,,85,,2017
447,Joe Webb,BUF,WR,31,16,0,2,7,35,0,1,8,54,6.75,0,0,0,0,,0,0,0,0,,,5,4.8,5.8,5.8,,172,,2017
448,Markus Wheaton,CHI,WR,26,11,0,0,0,0,0,0,0,0,,0,17,3,51,17.00,0,0,0,0,,,5,8.1,8.1,6.6,,171,,2017
449,Jared Abbrederis,DET,WR,27,7,0,0,0,0,0,0,0,0,,0,7,3,44,14.67,0,0,0,0,,,4,7.4,7.4,5.9,,174,,2017
Rk,Player,Tm,FantPos,Age,G,GS,Cmp,Att,Yds,TD,Int,Att,Yds,Y/A,TD,Tgt,Rec,Yds,Y/R,TD,Fmb,FL,TD,2PM,2PP,FantPt,PPR,DKPt,FDPt,VBD,PosRank,OvRank,2017
450,Blake Bell,MIN,TE,26,13,3,0,0,0,0,0,0,0,,0,4,3,19,6.33,0,0,0,0,1,,4,6.9,6.9,5.4,,87,,2017
451,Quan Bray,IND,WR,24,9,0,0,0,0,0,0,0,0,,0,4,3,39,13.00,0,1,0,0,,,4,6.9,6.9,5.4,,176,,2017
452,Mack Brown,2TM,RB,26,4,0,0,0,0,0,0,8,29,3.63,0,1,1,11,11.00,0,0,0,0,,,4,5.0,5.0,4.5,,131,,2017
453,Michael Clark,GNB,WR,22,2,0,0,0,0,0,0,0,0,,0,14,4,41,10.25,0,0,0,0,,,4,8.1,8.1,6.1,,175,,2017
454,Matthew Dayes,CLE,RB,23,16,0,0,0,0,0,0,5,13,2.60,0,5,4,29,7.25,0,0,0,0,,,4,8.2,8.2,6.2,,130,,2017
455,James Develin*,NWE,TE,29,16,7,0,0,0,0,0,0,0,,0,10,6,38,6.33,0,0,0,0,,,4,9.8,9.8,6.8,,88,,2017
456,Tanner Gentry,CHI,QB,23,4,3,0,0,0,0,0,0,0,,0,6,3,35,11.67,0,0,0,0,,,4,6.5,6.5,5.0,,59,,2017
457,Bernard Reedy,2TM,WR,26,11,0,0,0,0,0,0,3,17,5.67,0,2,2,21,10.50,0,1,0,0,,,4,5.8,5.8,4.8,,177,,2017
458,Randall Telfer,CLE,TE,25,16,14,0,0,0,0,0,0,0,,0,4,3,36,12.00,0,0,0,0,,,4,6.6,6.6,5.1,,90,,2017
459,Will Tye,NYJ,TE,26,3,1,0,0,0,0,0,0,0,,0,6,4,38,9.50,0,0,0,0,,,4,7.8,7.8,5.8,,89,,2017
460,Antony Auclair,TAM,TE,24,8,3,0,0,0,0,0,0,0,,0,2,2,25,12.50,0,0,0,0,,,3,4.5,4.5,3.5,,94,,2017
461,Noah Brown,DAL,WR,21,13,1,0,0,0,0,0,0,0,,0,9,4,33,8.25,0,0,0,0,,,3,7.3,7.3,5.3,,178,,2017
462,Emanuel Byrd,GNB,TE,23,1,0,0,0,0,0,0,0,0,,0,2,2,31,15.50,0,0,0,0,,,3,5.1,5.1,4.1,,91,,2017
463,Derrick Coleman,ATL,RB,27,16,7,0,0,0,0,0,2,8,4.00,0,7,2,20,10.00,0,0,0,0,,,3,4.8,4.8,3.8,,135,,2017
464,Darrell Daniels,IND,TE,23,12,3,0,0,0,0,0,0,0,,0,13,3,26,8.67,0,0,0,0,,,3,5.6,5.6,4.1,,92,,2017
465,Patrick DiMarco,BUF,RB,28,16,9,0,0,0,0,0,2,-2,-1.00,0,10,7,28,4.00,0,0,0,0,,,3,9.6,9.6,6.1,,137,,2017
466,Marcus Johnson,PHI,WR,23,10,0,0,0,0,0,0,0,0,,0,8,5,45,9.00,0,1,1,0,,,3,7.5,8.5,5.0,,182,,2017
467,Cody Kessler,CLE,QB,24,3,0,11,23,126,0,1,1,-1,-1.00,0,0,0,0,,0,0,0,0,,,3,2.9,3.9,3.9,,60,,2017
468,Jordan Leslie,CLE,WR,26,2,0,0,0,0,0,0,0,0,,0,1,1,26,26.00,0,0,0,0,,,3,3.6,3.6,3.1,,181,,2017
469,A.J. McCarron,CIN,QB,27,3,0,7,14,66,0,0,0,0,,0,0,0,0,,0,0,0,0,,,3,2.6,2.6,2.6,,61,,2017
470,Jojo Natson,NYJ,WR,23,7,0,0,0,0,0,0,1,15,15.00,0,5,2,18,9.00,0,1,0,0,,,3,5.3,5.3,4.3,,179,,2017
471,Senorise Perry,MIA,RB,26,16,0,0,0,0,0,0,8,30,3.75,0,1,1,3,3.00,0,0,0,0,,,3,4.3,4.3,3.8,,133,,2017
472,Jay Prosch,HOU,RB,25,16,5,0,0,0,0,0,0,0,,0,4,4,31,7.75,0,0,0,0,,,3,7.1,7.1,5.1,,134,,2017
473,De'Veon Smith,MIA,RB,23,5,0,0,0,0,0,0,0,0,,0,3,3,27,9.00,0,0,0,0,,,3,5.7,5.7,4.2,,136,,2017
474,Geoff Swaim,DAL,TE,24,15,2,0,0,0,0,0,0,0,,0,2,2,25,12.50,0,0,0,0,,,3,4.5,4.5,3.5,,93,,2017
475,Fitzgerald Toussaint,PIT,RB,27,6,0,0,0,0,0,0,6,25,4.17,0,3,2,9,4.50,0,0,0,0,,,3,5.4,5.4,4.4,,132,,2017
476,Andre Williams,LAC,RB,25,8,0,0,0,0,0,0,9,25,2.78,0,0,0,0,,0,0,0,0,,,3,2.5,2.5,2.5,,138,,2017
477,Nick Williams,ATL,WR,27,1,0,0,0,0,0,0,0,0,,0,4,3,30,10.00,0,0,0,0,,,3,6.0,6.0,4.5,,180,,2017
478,Michael Burton,CHI,RB,25,16,3,0,0,0,0,0,4,9,2.25,0,4,2,8,4.00,0,0,0,0,,,2,3.7,3.7,2.7,,142,,2017
479,Matt Cassel,TEN,QB,35,2,1,25,42,162,1,2,0,0,,0,0,0,0,,0,2,2,0,,,2,2.5,6.5,4.5,,62,,2017
Rk,Player,Tm,FantPos,Age,G,GS,Cmp,Att,Yds,TD,Int,Att,Yds,Y/A,TD,Tgt,Rec,Yds,Y/R,TD,Fmb,FL,TD,2PM,2PP,FantPt,PPR,DKPt,FDPt,VBD,PosRank,OvRank,2017
480,Jehu Chesson,KAN,WR,24,12,1,0,0,0,0,0,0,0,,0,4,2,18,9.00,0,0,0,0,,,2,3.8,3.8,2.8,,185,,2017
481,Josh Ferguson,IND,RB,24,10,0,0,0,0,0,0,1,5,5.00,0,4,3,16,5.33,0,0,0,0,,,2,5.1,5.1,3.6,,139,,2017
482,David Fluellen,TEN,RB,25,16,0,0,0,0,0,0,4,21,5.25,0,1,0,0,,0,0,0,0,,,2,2.1,2.1,2.1,,140,,2017
483,MarQueis Gray,MIA,TE,28,16,0,0,1,0,0,0,5,14,2.80,0,3,1,10,10.00,0,0,0,0,,,2,3.4,3.4,2.9,,95,,2017
484,Ryan Hewitt,CIN,TE,26,13,3,0,0,0,0,0,0,0,,0,2,2,22,11.00,0,0,0,0,,,2,4.2,4.2,3.2,,96,,2017
485,Cole Hikutini,SFO,TE,23,4,0,0,0,0,0,0,0,0,,0,3,2,15,7.50,0,0,0,0,,,2,3.5,3.5,2.5,,98,,2017
486,Chris Manhertz,CAR,TE,25,16,4,0,0,0,0,0,0,0,,0,4,2,17,8.50,0,0,0,0,,,2,3.7,3.7,2.7,,97,,2017
487,Allen Robinson,JAX,WR,24,1,1,0,0,0,0,0,0,0,,0,1,1,17,17.00,0,0,0,0,,,2,2.7,2.7,2.2,,186,,2017
488,Danny Vitale,CLE,RB,24,15,6,0,0,0,0,0,0,0,,0,5,3,19,6.33,0,0,0,0,,,2,4.9,4.9,3.4,,141,,2017
489,Griff Whalen,BAL,WR,27,2,0,0,0,0,0,0,0,0,,0,6,4,23,5.75,0,0,0,0,,,2,6.3,6.3,4.3,,184,,2017
490,DeAndrew White,HOU,WR,26,2,1,0,0,0,0,0,0,0,,0,7,1,24,24.00,0,1,0,0,,,2,3.4,3.4,2.9,,183,,2017
491,Arrelious Benn,JAX,WR,29,9,0,0,0,0,0,0,0,0,,0,2,1,12,12.00,0,0,0,0,,,1,2.2,2.2,1.7,,188,,2017
492,LeShun Daniels,WAS,RB,22,4,0,0,0,0,0,0,3,14,4.67,0,0,0,0,,0,0,0,0,,,1,1.4,1.4,1.4,,143,,2017
493,Harry Douglas,TEN,WR,33,2,0,0,0,0,0,0,0,0,,0,3,1,8,8.00,0,0,0,0,,,1,1.8,1.8,1.3,,192,,2017
494,Shelton Gibson,PHI,WR,23,5,0,0,0,0,0,0,0,0,,0,3,2,11,5.50,0,0,0,0,,,1,3.1,3.1,2.1,,190,,2017
495,Cobi Hamilton,HOU,WR,27,3,1,0,0,0,0,0,0,0,,0,6,1,8,8.00,0,0,0,0,,,1,1.8,1.8,1.3,,191,,2017
496,Taylor Heinicke,HOU,QB,24,1,0,1,1,10,0,0,1,2,2.00,0,0,0,0,,0,0,0,0,,,1,0.6,0.6,0.6,,64,,2017
497,Jeff Janis,GNB,WR,26,16,0,0,0,0,0,0,0,0,,0,5,2,12,6.00,0,0,0,0,,,1,3.2,3.2,2.2,,189,,2017
498,Matt Jones,IND,RB,24,5,0,0,0,0,0,0,5,14,2.80,0,0,0,0,,0,0,0,0,,,1,1.4,1.4,1.4,,144,,2017
499,Raheem Mostert,SFO,RB,25,11,0,0,0,0,0,0,6,30,5.00,0,0,0,0,,0,1,1,0,,,1,1.0,2.0,1.0,,145,,2017
500,Larry Pinkard,JAX,WR,25,4,0,0,0,0,0,0,0,0,,0,1,1,5,5.00,0,0,0,0,,,1,1.5,1.5,1.0,,194,,2017
501,Darius Powe,NYG,WR,23,1,1,0,0,0,0,0,0,0,,0,4,2,13,6.50,0,0,0,0,,,1,3.3,3.3,2.3,,187,,2017
502,Cooper Rush,DAL,QB,24,2,0,1,3,2,0,0,2,13,6.50,0,0,0,0,,0,0,0,0,,,1,1.4,1.4,1.4,,63,,2017
503,Terrell Watson,PIT,RB,24,10,0,0,0,0,0,0,5,8,1.60,0,0,0,0,,0,0,0,0,,,1,0.8,0.8,0.8,,146,,2017
504,Eric Weems,TEN,WR,32,16,0,0,0,0,0,0,1,0,0.00,0,2,1,5,5.00,0,0,0,0,,,1,1.5,1.5,1.0,,195,,2017
505,Kevin White,CHI,WR,25,1,1,0,0,0,0,0,0,0,,0,4,2,6,3.00,0,0,0,0,,,1,2.6,2.6,1.6,,193,,2017
506,Rodney Adams,MIN,,23,1,0,0,0,0,0,0,0,0,,0,0,0,0,,0,0,0,0,,,,,,,,208,,2017
507,Quincy Adeboyejo,BAL,,22,1,0,0,0,0,0,0,0,0,,0,0,0,0,,0,0,0,0,,,,,,,,209,,2017
508,Derek Anderson,CAR,QB,34,3,0,2,8,17,0,0,2,-2,-1.00,0,0,0,0,,0,0,0,0,,,,0.5,0.5,0.5,,65,,2017
509,Alex Armah,CAR,,23,9,0,0,0,0,0,0,0,0,,0,0,0,0,,0,0,0,0,,,,,,,,2,,2017
Rk,Player,Tm,FantPos,Age,G,GS,Cmp,Att,Yds,TD,Int,Att,Yds,Y/A,TD,Tgt,Rec,Yds,Y/R,TD,Fmb,FL,TD,2PM,2PP,FantPt,PPR,DKPt,FDPt,VBD,PosRank,OvRank,2017
510,Joe Banyard,BUF,,29,3,0,0,0,0,0,0,0,0,,0,0,0,0,,0,0,0,0,,,,,,,,153,,2017
511,Evan Baylis,HOU,,24,1,0,0,0,0,0,0,0,0,,0,0,0,0,,0,0,0,0,,,,,,,,104,,2017
512,Jace Billingsley,DET,,24,2,0,0,0,0,0,0,0,0,,0,0,0,0,,0,0,0,0,,,,,,,,205,,2017
513,Victor Bolden,SFO,,22,9,0,0,0,0,0,0,0,0,,0,0,0,0,,0,0,0,0,,,,,,,,199,,2017
514,Ben Braunecker,CHI,,23,8,0,0,0,0,0,0,0,0,,0,0,0,0,,0,0,0,0,,,,,,,,115,,2017
515,K.J. Brent,IND,,24,5,0,0,0,0,0,0,0,0,,0,1,0,0,,0,0,0,0,,,,,,,,218,,2017
516,Pharaoh Brown,OAK,,23,2,1,0,0,0,0,0,0,0,,0,0,0,0,,0,0,0,0,,,,,,,,120,,2017
517,Marquis Bundy,NYG,,23,1,1,0,0,0,0,0,0,0,,0,3,0,0,,0,0,0,0,,,,,,,,220,,2017
518,Joe Callahan,GNB,QB,24,1,0,5,7,11,0,0,0,0,,0,0,0,0,,0,0,0,0,,,,0.4,0.4,0.4,,66,,2017
519,Austin Carr,NOR,,24,1,0,0,0,0,0,0,0,0,,0,0,0,0,,0,0,0,0,,,,,,,,201,,2017
520,Cethan Carter,CIN,,22,16,0,0,0,0,0,0,0,0,,0,0,0,0,,0,0,0,0,,,,,,,,110,,2017
521,Kyle Carter,MIN,,25,3,0,0,0,0,0,0,0,0,,0,0,0,0,,0,0,0,0,,,,,,,,121,,2017
522,Stacy Coley,MIN,,23,4,0,0,0,0,0,0,0,0,,0,0,0,0,,0,0,0,0,,,,,,,,200,,2017
523,Cody Core,CIN,,23,13,0,0,0,0,0,0,0,0,,0,4,0,0,,0,0,0,0,,,,,,,,217,,2017
524,Sean Culkin,LAC,,24,1,0,0,0,0,0,0,0,0,,0,0,0,0,,0,0,0,0,,,,,,,,117,,2017
525,Jeff Cumberland,LAC,TE,30,7,3,0,0,0,0,0,0,0,,0,3,2,2,1.00,0,0,0,0,,,,2.2,2.2,1.2,,101,,2017
526,Chase Daniel,NOR,QB,31,1,0,0,0,0,0,0,3,-2,-0.67,0,0,0,0,,0,0,0,0,,,,-0.2,-0.2,-0.2,,70,,2017
527,Austin Davis,SEA,QB,28,3,0,0,0,0,0,0,1,-1,-1.00,0,0,0,0,,0,0,0,0,,,,-0.1,-0.1,-0.1,,69,,2017
528,Geremy Davis,LAC,,25,2,0,0,0,0,0,0,0,0,,0,0,0,0,,0,0,0,0,,,,,,,,213,,2017
529,Justin Davis,LAR,RB,22,4,0,0,0,0,0,0,1,1,1.00,0,0,0,0,,0,0,0,0,,,,0.1,0.1,0.1,,149,,2017
530,Robert Davis,WAS,,22,1,0,0,0,0,0,0,0,0,,0,0,0,0,,0,0,0,0,,,,,,,,211,,2017
531,Jim Dray,ARI,,31,1,0,0,0,0,0,0,0,0,,0,0,0,0,,0,0,0,0,,,,,,,,113,,2017
532,Ed Eagan,NYG,,24,4,0,0,0,0,0,0,0,0,,0,1,0,0,,0,0,0,0,,,,,,,,216,,2017
533,Gavin Escobar,BAL,,26,2,0,0,0,0,0,0,0,0,,0,0,0,0,,0,0,0,0,,,,,,,,106,,2017
534,Mose Frazier,CAR,,24,1,0,0,0,0,0,0,0,0,,0,0,0,0,,0,0,0,0,,,,,,,,212,,2017
535,C.J. Goodwin,2TM,,27,14,0,0,0,0,0,0,0,0,,0,0,0,0,,0,0,0,0,,,,,,,,214,,2017
536,Garrett Griffin,NOR,TE,23,3,0,0,0,0,0,0,0,0,,0,1,1,4,4.00,0,0,0,0,,,,1.4,1.4,0.9,,99,,2017
537,Justin Hardee,NOR,,23,14,0,0,0,0,0,0,0,0,,0,0,0,0,,0,0,0,0,,,,,,,,207,,2017
538,Clark Harris*,CIN,,33,16,0,0,0,0,0,0,0,0,,0,0,0,0,,0,0,0,0,,,,,,,,124,,2017
539,Matt Hazel,IND,WR,25,4,0,0,0,0,0,0,0,0,,0,1,1,1,1.00,0,0,0,0,,,,1.1,1.1,0.6,,198,,2017
Rk,Player,Tm,FantPos,Age,G,GS,Cmp,Att,Yds,TD,Int,Att,Yds,Y/A,TD,Tgt,Rec,Yds,Y/R,TD,Fmb,FL,TD,2PM,2PP,FantPt,PPR,DKPt,FDPt,VBD,PosRank,OvRank,2017
540,Bronson Hill,ARI,RB,24,2,0,0,0,0,0,0,1,-2,-2.00,0,0,0,0,,0,0,0,0,,,,-0.2,-0.2,-0.2,,158,,2017
541,Taysom Hill,NOR,,27,5,0,0,0,0,0,0,0,0,,0,0,0,0,,0,0,0,0,,,,,,,,67,,2017
542,Krishawn Hogan,IND,,22,2,0,0,0,0,0,0,0,0,,0,0,0,0,,0,1,0,0,,,,,,,,219,,2017
543,Gabe Holmes,ARI,,26,2,0,0,0,0,0,0,0,0,,0,1,0,0,,0,0,0,0,,,,,,,,103,,2017
544,Elijah Hood,OAK,,21,1,0,0,0,0,0,0,0,0,,0,0,0,0,,0,0,0,0,,,,,,,,157,,2017
545,Blake Jarwin,DAL,,23,1,0,0,0,0,0,0,0,0,,0,0,0,0,,0,0,0,0,,,,,,,,116,,2017
546,Andy Jones,2TM,,23,3,0,0,0,0,0,0,0,0,,0,0,0,0,,0,0,0,0,,,,,,,,202,,2017
547,Marcus Kemp,KAN,,22,1,0,0,0,0,0,0,0,0,,0,0,0,0,,0,0,0,0,,,,,,,,204,,2017
548,Joe Kerridge,GNB,RB,25,4,0,0,0,0,0,0,0,0,,0,1,1,3,3.00,0,0,0,0,,,,1.3,1.3,0.8,,147,,2017
549,Henry Krieger-Coble,IND,,25,1,0,0,0,0,0,0,0,0,,0,0,0,0,,0,0,0,0,,,,,,,,114,,2017
550,John Kuhn,NOR,RB,35,2,1,0,0,0,0,0,1,2,2.00,0,0,0,0,,0,0,0,0,,,,0.2,0.2,0.2,,148,,2017
551,Matt LaCosse,2TM,,25,5,1,0,0,0,0,0,0,0,,0,1,0,0,,0,0,0,0,,,,,,,,109,,2017
552,Daniel Lasco,NOR,,25,3,0,0,0,0,0,0,0,0,,0,0,0,0,,0,0,0,0,,,,,,,,155,,2017
553,Khari Lee,BUF,,25,8,0,0,0,0,0,0,0,0,,0,0,0,0,,0,0,0,0,,,,,,,,108,,2017
554,Matt Lengel,CLE,,27,1,0,0,0,0,0,0,0,0,,0,0,0,0,,0,0,0,0,,,,,,,,119,,2017
555,Lance Lenoir,DAL,,22,1,0,0,0,0,0,0,0,0,,0,0,0,0,,0,0,0,0,,,,,,,,215,,2017
556,Terrence Magee,ATL,,24,2,0,0,0,0,0,0,0,0,,0,0,0,0,,0,0,0,0,,,,,,,,156,,2017
557,Ryan Malleck,HOU,TE,24,2,0,0,0,0,0,0,0,0,,0,1,1,3,3.00,0,0,0,0,,,,1.3,1.3,0.8,,100,,2017
558,Bradley Marquez,DET,,25,1,0,0,0,0,0,0,0,0,,0,0,0,0,,0,0,0,0,,,,,,,,203,,2017
559,Max McCaffrey,JAX,WR,23,5,0,0,0,0,0,0,0,0,,0,1,1,4,4.00,0,0,0,0,,,,1.4,1.4,0.9,,196,,2017
560,Colt McCoy,WAS,,31,1,0,0,0,0,0,0,0,0,,0,0,0,0,,0,0,0,0,,,,,,,,68,,2017
561,Darren McFadden,DAL,RB,30,1,0,0,0,0,0,0,1,-2,-2.00,0,0,0,0,,0,0,0,0,,,,-0.2,-0.2,-0.2,,159,,2017
562,Jeremy McNichols,SFO,,22,2,0,0,0,0,0,0,0,0,,0,0,0,0,,0,0,0,0,,,,,,,,154,,2017
563,Taquan Mizzell,CHI,,24,3,0,0,0,0,0,0,0,0,,0,0,0,0,,0,0,0,0,,,,,,,,150,,2017
564,David Moore,SEA,,22,1,0,0,0,0,0,0,0,0,,0,0,0,0,,0,0,0,0,,,,,,,,221,,2017
565,Johnny Mundt,LAR,,23,2,0,0,0,0,0,0,0,0,,0,0,0,0,,0,0,0,0,,,,,,,,126,,2017
566,Dare Ogunbowale,WAS,,23,2,0,0,0,0,0,0,0,0,,0,0,0,0,,0,0,0,0,,,,,,,,152,,2017
567,Ryan O'Malley,NYG,,24,1,0,0,0,0,0,0,0,0,,0,0,0,0,,0,0,0,0,,,,,,,,118,,2017
568,Logan Paulsen,SFO,,30,14,1,0,0,0,0,0,0,0,,0,2,0,0,,0,0,0,0,,,,,,,,112,,2017
569,Charone Peake,NYJ,WR,25,3,0,0,0,0,0,0,0,0,,0,1,1,3,3.00,0,0,0,0,,,,1.3,1.3,0.8,,197,,2017
Rk,Player,Tm,FantPos,Age,G,GS,Cmp,Att,Yds,TD,Int,Att,Yds,Y/A,TD,Tgt,Rec,Yds,Y/R,TD,Fmb,FL,TD,2PM,2PP,FantPt,PPR,DKPt,FDPt,VBD,PosRank,OvRank,2017
570,John Phillips,NOR,,30,1,0,0,0,0,0,0,0,0,,0,0,0,0,,0,0,0,0,,,,,,,,111,,2017
571,MyCole Pruitt,HOU,,25,1,0,0,0,0,0,0,0,0,,0,0,0,0,,0,0,0,0,,,,,,,,125,,2017
572,Eric Saubert,ATL,,23,14,0,0,0,0,0,0,0,0,,0,0,0,0,,0,0,0,0,,,,,,,,123,,2017
573,Rashawn Scott,MIA,,25,1,0,0,0,0,0,0,0,0,,0,0,0,0,,0,0,0,0,,,,,,,,210,,2017
574,Matthew Slater*,NWE,,32,9,0,0,0,0,0,0,0,0,,0,0,0,0,,0,0,0,0,,,,,,,,206,,2017
575,Nate Solder,NWE,,29,16,16,0,0,0,0,0,0,0,,0,0,0,0,,0,0,0,0,,,,,,,,105,,2017
576,Tyrone Swoopes,SEA,,23,1,0,0,0,0,0,0,0,0,,0,0,0,0,,0,0,0,0,,,,,,,,102,,2017
577,Jordan Todman,HOU,,27,14,0,0,0,0,0,0,0,0,,0,0,0,0,,0,0,0,0,,,,,,,,151,,2017
578,Hakeem Valles,DET,,25,1,0,0,0,0,0,0,0,0,,0,0,0,0,,0,0,0,0,,,,,,,,122,,2017
579,Jason Vander Laan,IND,,25,4,0,0,0,0,0,0,0,0,,0,0,0,0,,0,0,0,0,,,,,,,,107,,2017
580,Isaac Whitney,OAK,,23,2,0,0,0,0,0,0,0,0,,0,1,0,0,,0,0,0,0,,,,,,,,222,,2017
581,Kellen Clemens,LAC,QB,34,8,0,6,8,36,0,1,5,-5,-1.00,0,0,0,0,,0,0,0,0,,,-1,-1.1,-0.1,-0.1,,73,,2017
582,Chad Henne,JAX,QB,32,2,0,0,2,0,0,0,5,-5,-1.00,0,0,0,0,,0,0,0,0,,,-1,-0.5,-0.5,-0.5,,71,,2017
583,Isaiah McKenzie,DEN,WR,22,11,0,0,0,0,0,0,1,4,4.00,0,13,4,29,7.25,0,6,2,0,,,-1,3.3,5.3,1.3,,223,,2017
584,Kalif Raymond,2TM,WR,23,8,0,0,0,0,0,0,1,-1,-1.00,0,1,1,12,12.00,0,5,1,0,,,-1,0.1,1.1,-0.4,,225,,2017
585,John Ross,CIN,WR,22,3,1,0,0,0,0,0,1,12,12.00,0,2,0,0,,0,1,1,0,,,-1,-0.8,0.2,-0.8,,224,,2017
586,Jake Rudock,DET,QB,24,3,0,3,5,24,0,1,0,0,,0,0,0,0,,0,0,0,0,,,-1,-1.0,,,,72,,2017
587,Tyler Bray,KAN,QB,26,1,0,0,1,0,0,0,1,0,0.00,0,0,0,0,,0,1,1,0,,,-2,-2.0,-1.0,-2.0,,74,,2017
588,Teddy Bridgewater,MIN,QB,25,1,0,0,2,0,0,1,3,-3,-1.00,0,0,0,0,,0,0,0,0,,,-2,-2.3,-1.3,-1.3,,75,,2017
589,Devante Mays,GNB,RB,23,8,0,0,0,0,0,0,4,1,0.25,0,3,3,0,0.00,0,2,1,0,,,-2,1.1,2.1,-0.4,,160,,2017
